"","text","favorited","favoriteCount","replyToSN","created","truncated","replyToSID","id","replyToUID","statusSource","screenName","retweetCount","isRetweet","retweeted","longitude","latitude"
"267","Huge support Saturday at our ""Rally to Support President Trump's Agenda"" in Loudoun! 

Vote June 12th to defeat radâ€¦ https://t.co/OA98PelqOd",FALSE,96,NA,2018-05-27 14:04:28,TRUE,NA,"1000739517760987136",NA,"<a href=""http://twitter.com"" rel=""nofollow"">Twitter Web Client</a>","CoreyStewartVA",51,FALSE,FALSE,NA,NA
"200","Here's Some TRUE conservatives I love  í ¼í·ºí ¼í·¸

.@tedcruz 
.@senatormcdaniel 
.@Nick4House 
.@NickForVA 

ALL are willinâ€¦ https://t.co/71PpH8uH4O",FALSE,88,NA,2018-05-30 18:39:29,TRUE,NA,"1001895890301476864",NA,"<a href=""https://mobile.twitter.com"" rel=""nofollow"">Twitter Lite</a>","deeg25",69,FALSE,FALSE,NA,NA
"13","I met an awesome supporter at our Rally to Defeat MS-13 in Fairfax! A Caps fan too! Go Caps!!

#ALLCAPS

#VASen https://t.co/IV8NPB1zVK",FALSE,79,NA,2018-06-02 22:04:44,FALSE,NA,"1003034705845989376",NA,"<a href=""http://twitter.com/download/iphone"" rel=""nofollow"">Twitter for iPhone</a>","CoreyStewartVA",33,FALSE,FALSE,NA,NA
"80","This is what happens when you elect Republicans who donâ€™t have a backbone, who donâ€™t stand up for anything. Most ofâ€¦ https://t.co/Cg2POnRCG1",FALSE,59,NA,2018-06-01 14:13:44,TRUE,NA,"1002553788228612096",NA,"<a href=""http://twitter.com"" rel=""nofollow"">Twitter Web Client</a>","CoreyStewartVA",27,FALSE,FALSE,NA,NA
"63","The Virginia team recruits over 100 new COS supporters! https://t.co/fdojaBf6ps #vasen #valeg #virginia #vapol",FALSE,39,NA,2018-06-01 16:41:22,FALSE,NA,"1002590944074584064",NA,"<a href=""http://twitter.com"" rel=""nofollow"">Twitter Web Client</a>","COSProject",21,FALSE,FALSE,NA,NA
"126",".@NickForVA knows how we can provide the necessary narrative we need to push for and get free-market healthcare betâ€¦ https://t.co/djyW6m3IST",FALSE,34,NA,2018-05-31 13:00:31,TRUE,NA,"1002172975720755200",NA,"<a href=""http://twitter.com"" rel=""nofollow"">Twitter Web Client</a>","michael__1776",26,FALSE,FALSE,NA,NA
"82","Just another indication of political correctness gone rampant. We cannot let the radical left erase our history.â€¦ https://t.co/HzkVZT9h7L",FALSE,29,NA,2018-06-01 14:05:20,TRUE,NA,"1002551674332991493",NA,"<a href=""http://twitter.com"" rel=""nofollow"">Twitter Web Client</a>","CoreyStewartVA",11,FALSE,FALSE,NA,NA
"210",".@timkaine lies on Twitter, gets fact checked into oblivion by @washingtonpost. A tale as old as time. #VASen https://t.co/GqEUbPyahl",FALSE,24,NA,2018-05-30 17:23:33,FALSE,NA,"1001876781815779337",NA,"<a href=""http://twitter.com"" rel=""nofollow"">Twitter Web Client</a>","VA_GOP",20,FALSE,FALSE,NA,NA
"69","On the anniversary of Trumpâ€™s decision to withdraw from the #ParisAgreement, LCVAF is thrilled to endorseâ€¦ https://t.co/7qXRNwEIuc",FALSE,5,NA,2018-06-01 15:15:53,TRUE,NA,"1002569431514603520",NA,"<a href=""https://www.hootsuite.com"" rel=""nofollow"">Hootsuite Inc.</a>","LCVoters",2,FALSE,FALSE,NA,NA
"150","Del. @NickForVA up now with his last chance to grandstand and build up support for his U.S. Senate run before the Jâ€¦ https://t.co/iIUmKp1ZGS",FALSE,4,NA,2018-05-30 23:58:28,TRUE,NA,"1001976164200734720",NA,"<a href=""http://twitter.com"" rel=""nofollow"">Twitter Web Client</a>","frankoanderson",3,FALSE,FALSE,NA,NA
"213","E.W. Jackson ad: ""I am not an African American, I'm an American!"" #VASEN https://t.co/1LWRZv5LAo https://t.co/yU3tTMitGV",FALSE,4,NA,2018-05-30 16:43:47,FALSE,NA,"1001866773677985792",NA,"<a href=""http://twitter.com"" rel=""nofollow"">Twitter Web Client</a>","DKElections",3,FALSE,FALSE,NA,NA
"231",".@MarkObenshain @SenRichardBlack @ryanmcdougle @TommyNorment Please pass a clean budget with NO Medicaid expansion!â€¦ https://t.co/4GICXmnt6T",FALSE,4,NA,2018-05-29 04:07:17,TRUE,NA,"1001314008073465856",NA,"<a href=""http://twitter.com"" rel=""nofollow"">Twitter Web Client</a>","patriotmom61",3,FALSE,FALSE,NA,NA
"17","Bold move for @CoreyStewartVA to be attending a pro MS-13 just days ahead of the #VASen GOP primary. https://t.co/HE5UwitVMA",FALSE,4,NA,2018-06-02 19:01:32,FALSE,NA,"1002988602341625856",NA,"<a href=""http://twitter.com"" rel=""nofollow"">Twitter Web Client</a>","ericwilson",0,FALSE,FALSE,NA,NA
"119","On Medicaid expansion...

@CoreyStewartVA: I want ""a full repeal of Medicaid.""

@NickForVA: We've ""created additionâ€¦ https://t.co/Q1DOUUILBU",FALSE,3,NA,2018-05-31 14:46:30,TRUE,NA,"1002199645123239943",NA,"<a href=""https://about.twitter.com/products/tweetdeck"" rel=""nofollow"">TweetDeck</a>","IanSams",4,FALSE,FALSE,NA,NA
"204","Let's talk about @LeslieCockburn then, shall we? Has @Timkaine read her book? #va05 #vasen https://t.co/4MopYlf9Yw",FALSE,3,NA,2018-05-30 18:05:20,FALSE,NA,"1001887299196669953",NA,"<a href=""http://twitter.com"" rel=""nofollow"">Twitter Web Client</a>","GarrenShipley",1,FALSE,FALSE,NA,NA
"36","US unemployment hits an 18-year low despite trade concerns: #TaxCutsAndJobsAct #EconomicGrowth #Jobs #Utah #UTsenâ€¦ https://t.co/OnUx7D9Bbz",FALSE,2,NA,2018-06-02 07:59:46,TRUE,NA,"1002822067023118336",NA,"<a href=""http://twitter.com"" rel=""nofollow"">Twitter Web Client</a>","Croatansound",2,FALSE,FALSE,NA,NA
"49","I heard @NickForVA on @LarryOConnor today! Heâ€™s the real deal and just the guy we need in the Senate. I voted absenâ€¦ https://t.co/jXHu8AvoaQ",FALSE,2,NA,2018-06-01 22:25:44,TRUE,NA,"1002677602979581957",NA,"<a href=""http://twitter.com/download/iphone"" rel=""nofollow"">Twitter for iPhone</a>","TheMrsPorch",2,FALSE,FALSE,NA,NA
"236","""I voted against your tax cut and to shut down the government! You're welcome!"" #vasen https://t.co/wrSSw7350S",FALSE,2,NA,2018-05-28 16:09:17,FALSE,NA,"1001133315804553217",NA,"<a href=""http://twitter.com"" rel=""nofollow"">Twitter Web Client</a>","GarrenShipley",0,FALSE,FALSE,NA,NA
"38","The Virginia team recruits over 100 new COS supporters! https://t.co/D7AvYvYfCF #vasen #valeg #virginia #vapol",FALSE,1,NA,2018-06-02 07:02:14,FALSE,NA,"1002807586272546816",NA,"<a href=""https://ifttt.com"" rel=""nofollow"">IFTTT</a>","Conservatexian",1,FALSE,FALSE,NA,NA
"64","How low does unemployment have to fall, and how high do wages have to rise, before Democrats simply admit they wereâ€¦ https://t.co/ZZ6mHUyqDF",FALSE,1,NA,2018-06-01 16:01:42,TRUE,NA,"1002580958485336065",NA,"<a href=""http://twitter.com"" rel=""nofollow"">Twitter Web Client</a>","GarrenShipley",1,FALSE,FALSE,NA,NA
"83","What kind of candidate will voters choose to be the #GOP nominee taking on Senator @timkaine this November? Votersâ€¦ https://t.co/ppvhqWH8G4",FALSE,1,NA,2018-06-01 13:53:20,TRUE,NA,"1002548655407104000",NA,"<a href=""http://twitter.com"" rel=""nofollow"">Twitter Web Client</a>","MichaelLeePope",1,FALSE,FALSE,NA,NA
"224","Outstanding campaign ad by @NickForVA.

#LibertyRising 
#VASen 
https://t.co/KKURfza3AW",FALSE,1,NA,2018-05-29 15:59:04,FALSE,NA,"1001493135241895936",NA,"<a href=""http://twitter.com"" rel=""nofollow"">Twitter Web Client</a>","michael__1776",0,FALSE,FALSE,NA,NA
"86","RT @deeg25: Here's Some TRUE conservatives I love  í ¼í·ºí ¼í·¸

.@tedcruz 
.@senatormcdaniel 
.@Nick4House 
.@NickForVA 

ALL are willing to fight fâ€¦",FALSE,0,NA,2018-06-01 05:33:50,FALSE,NA,"1002422950266408963",NA,"<a href=""https://mobile.twitter.com"" rel=""nofollow"">Twitter Lite</a>","naynayfig",69,TRUE,FALSE,NA,NA
"88","RT @deeg25: Here's Some TRUE conservatives I love  í ¼í·ºí ¼í·¸

.@tedcruz 
.@senatormcdaniel 
.@Nick4House 
.@NickForVA 

ALL are willing to fight fâ€¦",FALSE,0,NA,2018-06-01 05:21:26,FALSE,NA,"1002419830698528773",NA,"<a href=""http://twitter.com/download/android"" rel=""nofollow"">Twitter for Android</a>","Pickles0201",69,TRUE,FALSE,NA,NA
"90","RT @deeg25: Here's Some TRUE conservatives I love  í ¼í·ºí ¼í·¸

.@tedcruz 
.@senatormcdaniel 
.@Nick4House 
.@NickForVA 

ALL are willing to fight fâ€¦",FALSE,0,NA,2018-06-01 00:27:02,FALSE,NA,"1002345742898360320",NA,"<a href=""http://twitter.com/#!/download/ipad"" rel=""nofollow"">Twitter for iPad</a>","fitzie63",69,TRUE,FALSE,NA,NA
"91","RT @deeg25: Here's Some TRUE conservatives I love  í ¼í·ºí ¼í·¸

.@tedcruz 
.@senatormcdaniel 
.@Nick4House 
.@NickForVA 

ALL are willing to fight fâ€¦",FALSE,0,NA,2018-06-01 00:21:57,FALSE,NA,"1002344465858584576",NA,"<a href=""http://twitter.com/download/android"" rel=""nofollow"">Twitter for Android</a>","bamagirlfriends",69,TRUE,FALSE,NA,NA
"95","RT @deeg25: Here's Some TRUE conservatives I love  í ¼í·ºí ¼í·¸

.@tedcruz 
.@senatormcdaniel 
.@Nick4House 
.@NickForVA 

ALL are willing to fight fâ€¦",FALSE,0,NA,2018-05-31 20:47:38,FALSE,NA,"1002290528514342913",NA,"<a href=""http://twitter.com/download/android"" rel=""nofollow"">Twitter for Android</a>","Rog3r478",69,TRUE,FALSE,NA,NA
"105","RT @deeg25: Here's Some TRUE conservatives I love  í ¼í·ºí ¼í·¸

.@tedcruz 
.@senatormcdaniel 
.@Nick4House 
.@NickForVA 

ALL are willing to fight fâ€¦",FALSE,0,NA,2018-05-31 16:40:00,FALSE,NA,"1002228211789549569",NA,"<a href=""http://twitter.com/download/android"" rel=""nofollow"">Twitter for Android</a>","RhallMadl",69,TRUE,FALSE,NA,NA
"106","RT @deeg25: Here's Some TRUE conservatives I love  í ¼í·ºí ¼í·¸

.@tedcruz 
.@senatormcdaniel 
.@Nick4House 
.@NickForVA 

ALL are willing to fight fâ€¦",FALSE,0,NA,2018-05-31 16:38:31,FALSE,NA,"1002227836512595968",NA,"<a href=""https://mobile.twitter.com"" rel=""nofollow"">Twitter Lite</a>","deeg25",69,TRUE,FALSE,NA,NA
"107","RT @deeg25: Here's Some TRUE conservatives I love  í ¼í·ºí ¼í·¸

.@tedcruz 
.@senatormcdaniel 
.@Nick4House 
.@NickForVA 

ALL are willing to fight fâ€¦",FALSE,0,NA,2018-05-31 16:33:40,FALSE,NA,"1002226616309899265",NA,"<a href=""http://twitter.com/download/android"" rel=""nofollow"">Twitter for Android</a>","bnjmnwst",69,TRUE,FALSE,NA,NA
"129","RT @deeg25: Here's Some TRUE conservatives I love  í ¼í·ºí ¼í·¸

.@tedcruz 
.@senatormcdaniel 
.@Nick4House 
.@NickForVA 

ALL are willing to fight fâ€¦",FALSE,0,NA,2018-05-31 06:16:33,FALSE,NA,"1002071312158703616",NA,"<a href=""http://twitter.com/download/android"" rel=""nofollow"">Twitter for Android</a>","bigmacalaska",69,TRUE,FALSE,NA,NA
"130","RT @deeg25: Here's Some TRUE conservatives I love  í ¼í·ºí ¼í·¸

.@tedcruz 
.@senatormcdaniel 
.@Nick4House 
.@NickForVA 

ALL are willing to fight fâ€¦",FALSE,0,NA,2018-05-31 05:59:27,FALSE,NA,"1002067011277606912",NA,"<a href=""http://twitter.com"" rel=""nofollow"">Twitter Web Client</a>","albertahopkins",69,TRUE,FALSE,NA,NA
"131","RT @deeg25: Here's Some TRUE conservatives I love  í ¼í·ºí ¼í·¸

.@tedcruz 
.@senatormcdaniel 
.@Nick4House 
.@NickForVA 

ALL are willing to fight fâ€¦",FALSE,0,NA,2018-05-31 05:54:46,FALSE,NA,"1002065833147977733",NA,"<a href=""http://twitter.com/download/android"" rel=""nofollow"">Twitter for Android</a>","KeepOnTrumpin1",69,TRUE,FALSE,NA,NA
"132","RT @deeg25: Here's Some TRUE conservatives I love  í ¼í·ºí ¼í·¸

.@tedcruz 
.@senatormcdaniel 
.@Nick4House 
.@NickForVA 

ALL are willing to fight fâ€¦",FALSE,0,NA,2018-05-31 04:19:43,FALSE,NA,"1002041912382181377",NA,"<a href=""https://mobile.twitter.com"" rel=""nofollow"">Twitter Lite</a>","AlbertaLKomare1",69,TRUE,FALSE,NA,NA
"133","RT @deeg25: Here's Some TRUE conservatives I love  í ¼í·ºí ¼í·¸

.@tedcruz 
.@senatormcdaniel 
.@Nick4House 
.@NickForVA 

ALL are willing to fight fâ€¦",FALSE,0,NA,2018-05-31 03:58:37,FALSE,NA,"1002036602254888960",NA,"<a href=""http://twitter.com/download/android"" rel=""nofollow"">Twitter for Android</a>","RebeccaFaussett",69,TRUE,FALSE,NA,NA
"135","RT @deeg25: Here's Some TRUE conservatives I love  í ¼í·ºí ¼í·¸

.@tedcruz 
.@senatormcdaniel 
.@Nick4House 
.@NickForVA 

ALL are willing to fight fâ€¦",FALSE,0,NA,2018-05-31 01:27:37,FALSE,NA,"1001998600451297280",NA,"<a href=""http://twitter.com/download/android"" rel=""nofollow"">Twitter for Android</a>","RobbyTheremin",69,TRUE,FALSE,NA,NA
"136","RT @deeg25: Here's Some TRUE conservatives I love  í ¼í·ºí ¼í·¸

.@tedcruz 
.@senatormcdaniel 
.@Nick4House 
.@NickForVA 

ALL are willing to fight fâ€¦",FALSE,0,NA,2018-05-31 01:24:48,FALSE,NA,"1001997892582768640",NA,"<a href=""http://twitter.com/download/android"" rel=""nofollow"">Twitter for Android</a>","jib1954",69,TRUE,FALSE,NA,NA
"138","RT @deeg25: Here's Some TRUE conservatives I love  í ¼í·ºí ¼í·¸

.@tedcruz 
.@senatormcdaniel 
.@Nick4House 
.@NickForVA 

ALL are willing to fight fâ€¦",FALSE,0,NA,2018-05-31 01:05:30,FALSE,NA,"1001993035968909312",NA,"<a href=""http://twitter.com/download/iphone"" rel=""nofollow"">Twitter for iPhone</a>","lynngermaine",69,TRUE,FALSE,NA,NA
"139","RT @deeg25: Here's Some TRUE conservatives I love  í ¼í·ºí ¼í·¸

.@tedcruz 
.@senatormcdaniel 
.@Nick4House 
.@NickForVA 

ALL are willing to fight fâ€¦",FALSE,0,NA,2018-05-31 01:05:25,FALSE,NA,"1001993015764963330",NA,"<a href=""http://twitter.com"" rel=""nofollow"">Twitter Web Client</a>","Steffs_tweets",69,TRUE,FALSE,NA,NA
"141","RT @deeg25: Here's Some TRUE conservatives I love  í ¼í·ºí ¼í·¸

.@tedcruz 
.@senatormcdaniel 
.@Nick4House 
.@NickForVA 

ALL are willing to fight fâ€¦",FALSE,0,NA,2018-05-31 00:50:14,FALSE,NA,"1001989192820383745",NA,"<a href=""http://twitter.com/download/android"" rel=""nofollow"">Twitter for Android</a>","BeverlyConserv1",69,TRUE,FALSE,NA,NA
"142","RT @deeg25: Here's Some TRUE conservatives I love  í ¼í·ºí ¼í·¸

.@tedcruz 
.@senatormcdaniel 
.@Nick4House 
.@NickForVA 

ALL are willing to fight fâ€¦",FALSE,0,NA,2018-05-31 00:31:19,FALSE,NA,"1001984435112292354",NA,"<a href=""http://twitter.com/download/android"" rel=""nofollow"">Twitter for Android</a>","HarrellRyan1",69,TRUE,FALSE,NA,NA
"143","RT @deeg25: Here's Some TRUE conservatives I love  í ¼í·ºí ¼í·¸

.@tedcruz 
.@senatormcdaniel 
.@Nick4House 
.@NickForVA 

ALL are willing to fight fâ€¦",FALSE,0,NA,2018-05-31 00:26:39,FALSE,NA,"1001983259482390528",NA,"<a href=""http://twitter.com/download/iphone"" rel=""nofollow"">Twitter for iPhone</a>","IrisArc91599747",69,TRUE,FALSE,NA,NA
"144","RT @deeg25: Here's Some TRUE conservatives I love  í ¼í·ºí ¼í·¸

.@tedcruz 
.@senatormcdaniel 
.@Nick4House 
.@NickForVA 

ALL are willing to fight fâ€¦",FALSE,0,NA,2018-05-31 00:21:14,FALSE,NA,"1001981894890749964",NA,"<a href=""http://twitter.com/download/android"" rel=""nofollow"">Twitter for Android</a>","BrotherVet",69,TRUE,FALSE,NA,NA
"146","RT @deeg25: Here's Some TRUE conservatives I love  í ¼í·ºí ¼í·¸

.@tedcruz 
.@senatormcdaniel 
.@Nick4House 
.@NickForVA 

ALL are willing to fight fâ€¦",FALSE,0,NA,2018-05-31 00:19:16,FALSE,NA,"1001981399023353861",NA,"<a href=""http://twitter.com/download/iphone"" rel=""nofollow"">Twitter for iPhone</a>","NoreenR1",69,TRUE,FALSE,NA,NA
"147","RT @deeg25: Here's Some TRUE conservatives I love  í ¼í·ºí ¼í·¸

.@tedcruz 
.@senatormcdaniel 
.@Nick4House 
.@NickForVA 

ALL are willing to fight fâ€¦",FALSE,0,NA,2018-05-31 00:12:44,FALSE,NA,"1001979754923347970",NA,"<a href=""http://twitter.com/download/android"" rel=""nofollow"">Twitter for Android</a>","TroyMGood1",69,TRUE,FALSE,NA,NA
"151","RT @deeg25: Here's Some TRUE conservatives I love  í ¼í·ºí ¼í·¸

.@tedcruz 
.@senatormcdaniel 
.@Nick4House 
.@NickForVA 

ALL are willing to fight fâ€¦",FALSE,0,NA,2018-05-30 23:28:30,FALSE,NA,"1001968624800796673",NA,"<a href=""http://twitter.com/#!/download/ipad"" rel=""nofollow"">Twitter for iPad</a>","210GOPTEJANA",69,TRUE,FALSE,NA,NA
"152","RT @deeg25: Here's Some TRUE conservatives I love  í ¼í·ºí ¼í·¸

.@tedcruz 
.@senatormcdaniel 
.@Nick4House 
.@NickForVA 

ALL are willing to fight fâ€¦",FALSE,0,NA,2018-05-30 22:25:12,FALSE,NA,"1001952693580070912",NA,"<a href=""http://twitter.com/download/iphone"" rel=""nofollow"">Twitter for iPhone</a>","AstoryTina",69,TRUE,FALSE,NA,NA
"154","RT @deeg25: Here's Some TRUE conservatives I love  í ¼í·ºí ¼í·¸

.@tedcruz 
.@senatormcdaniel 
.@Nick4House 
.@NickForVA 

ALL are willing to fight fâ€¦",FALSE,0,NA,2018-05-30 21:42:44,FALSE,NA,"1001942006476824576",NA,"<a href=""http://twitter.com/download/iphone"" rel=""nofollow"">Twitter for iPhone</a>","KeishaJake",69,TRUE,FALSE,NA,NA
"155","RT @deeg25: Here's Some TRUE conservatives I love  í ¼í·ºí ¼í·¸

.@tedcruz 
.@senatormcdaniel 
.@Nick4House 
.@NickForVA 

ALL are willing to fight fâ€¦",FALSE,0,NA,2018-05-30 21:19:21,FALSE,NA,"1001936124502269952",NA,"<a href=""http://twitter.com/download/iphone"" rel=""nofollow"">Twitter for iPhone</a>","silver_fox9",69,TRUE,FALSE,NA,NA
"156","RT @deeg25: Here's Some TRUE conservatives I love  í ¼í·ºí ¼í·¸

.@tedcruz 
.@senatormcdaniel 
.@Nick4House 
.@NickForVA 

ALL are willing to fight fâ€¦",FALSE,0,NA,2018-05-30 21:15:20,FALSE,NA,"1001935111389052928",NA,"<a href=""http://twitter.com/#!/download/ipad"" rel=""nofollow"">Twitter for iPad</a>","Kimbraov1",69,TRUE,FALSE,NA,NA
"159","RT @deeg25: Here's Some TRUE conservatives I love  í ¼í·ºí ¼í·¸

.@tedcruz 
.@senatormcdaniel 
.@Nick4House 
.@NickForVA 

ALL are willing to fight fâ€¦",FALSE,0,NA,2018-05-30 21:02:20,FALSE,NA,"1001931842675716096",NA,"<a href=""http://twitter.com"" rel=""nofollow"">Twitter Web Client</a>","steive5",69,TRUE,FALSE,NA,NA
"160","RT @deeg25: Here's Some TRUE conservatives I love  í ¼í·ºí ¼í·¸

.@tedcruz 
.@senatormcdaniel 
.@Nick4House 
.@NickForVA 

ALL are willing to fight fâ€¦",FALSE,0,NA,2018-05-30 20:40:59,FALSE,NA,"1001926468295974912",NA,"<a href=""http://twitter.com/download/iphone"" rel=""nofollow"">Twitter for iPhone</a>","sxdoc",69,TRUE,FALSE,NA,NA
"161","RT @deeg25: Here's Some TRUE conservatives I love  í ¼í·ºí ¼í·¸

.@tedcruz 
.@senatormcdaniel 
.@Nick4House 
.@NickForVA 

ALL are willing to fight fâ€¦",FALSE,0,NA,2018-05-30 20:34:16,FALSE,NA,"1001924776452083712",NA,"<a href=""http://twitter.com/download/iphone"" rel=""nofollow"">Twitter for iPhone</a>","Barbara72468224",69,TRUE,FALSE,NA,NA
"162","RT @deeg25: Here's Some TRUE conservatives I love  í ¼í·ºí ¼í·¸

.@tedcruz 
.@senatormcdaniel 
.@Nick4House 
.@NickForVA 

ALL are willing to fight fâ€¦",FALSE,0,NA,2018-05-30 20:32:30,FALSE,NA,"1001924332006846466",NA,"<a href=""http://twitter.com/download/android"" rel=""nofollow"">Twitter for Android</a>","IndyK46220",69,TRUE,FALSE,NA,NA
"163","RT @deeg25: Here's Some TRUE conservatives I love  í ¼í·ºí ¼í·¸

.@tedcruz 
.@senatormcdaniel 
.@Nick4House 
.@NickForVA 

ALL are willing to fight fâ€¦",FALSE,0,NA,2018-05-30 20:30:26,FALSE,NA,"1001923812407980032",NA,"<a href=""http://twitter.com/download/android"" rel=""nofollow"">Twitter for Android</a>","heymerlin11",69,TRUE,FALSE,NA,NA
"164","RT @deeg25: Here's Some TRUE conservatives I love  í ¼í·ºí ¼í·¸

.@tedcruz 
.@senatormcdaniel 
.@Nick4House 
.@NickForVA 

ALL are willing to fight fâ€¦",FALSE,0,NA,2018-05-30 20:27:58,FALSE,NA,"1001923192359809025",NA,"<a href=""http://twitter.com/download/iphone"" rel=""nofollow"">Twitter for iPhone</a>","hood_doylehood",69,TRUE,FALSE,NA,NA
"166","RT @deeg25: Here's Some TRUE conservatives I love  í ¼í·ºí ¼í·¸

.@tedcruz 
.@senatormcdaniel 
.@Nick4House 
.@NickForVA 

ALL are willing to fight fâ€¦",FALSE,0,NA,2018-05-30 20:19:50,FALSE,NA,"1001921145891971072",NA,"<a href=""http://twitter.com/download/iphone"" rel=""nofollow"">Twitter for iPhone</a>","Drbob444",69,TRUE,FALSE,NA,NA
"167","RT @deeg25: Here's Some TRUE conservatives I love  í ¼í·ºí ¼í·¸

.@tedcruz 
.@senatormcdaniel 
.@Nick4House 
.@NickForVA 

ALL are willing to fight fâ€¦",FALSE,0,NA,2018-05-30 20:13:06,FALSE,NA,"1001919451045027841",NA,"<a href=""http://twitter.com"" rel=""nofollow"">Twitter Web Client</a>","KaySmithTexas",69,TRUE,FALSE,NA,NA
"168","RT @deeg25: Here's Some TRUE conservatives I love  í ¼í·ºí ¼í·¸

.@tedcruz 
.@senatormcdaniel 
.@Nick4House 
.@NickForVA 

ALL are willing to fight fâ€¦",FALSE,0,NA,2018-05-30 20:02:34,FALSE,NA,"1001916801746460674",NA,"<a href=""http://twitter.com/download/android"" rel=""nofollow"">Twitter for Android</a>","farmerfar55",69,TRUE,FALSE,NA,NA
"169","RT @deeg25: Here's Some TRUE conservatives I love  í ¼í·ºí ¼í·¸

.@tedcruz 
.@senatormcdaniel 
.@Nick4House 
.@NickForVA 

ALL are willing to fight fâ€¦",FALSE,0,NA,2018-05-30 20:02:01,FALSE,NA,"1001916659853078529",NA,"<a href=""http://twitter.com/download/android"" rel=""nofollow"">Twitter for Android</a>","JANETCANARY",69,TRUE,FALSE,NA,NA
"170","RT @deeg25: Here's Some TRUE conservatives I love  í ¼í·ºí ¼í·¸

.@tedcruz 
.@senatormcdaniel 
.@Nick4House 
.@NickForVA 

ALL are willing to fight fâ€¦",FALSE,0,NA,2018-05-30 19:46:49,FALSE,NA,"1001912838015864836",NA,"<a href=""http://twitter.com/#!/download/ipad"" rel=""nofollow"">Twitter for iPad</a>","HoosierTrumper",69,TRUE,FALSE,NA,NA
"171","RT @deeg25: Here's Some TRUE conservatives I love  í ¼í·ºí ¼í·¸

.@tedcruz 
.@senatormcdaniel 
.@Nick4House 
.@NickForVA 

ALL are willing to fight fâ€¦",FALSE,0,NA,2018-05-30 19:46:35,FALSE,NA,"1001912777496301568",NA,"<a href=""http://twitter.com/download/android"" rel=""nofollow"">Twitter for Android</a>","SageAine1",69,TRUE,FALSE,NA,NA
"172","RT @deeg25: Here's Some TRUE conservatives I love  í ¼í·ºí ¼í·¸

.@tedcruz 
.@senatormcdaniel 
.@Nick4House 
.@NickForVA 

ALL are willing to fight fâ€¦",FALSE,0,NA,2018-05-30 19:45:45,FALSE,NA,"1001912569072730112",NA,"<a href=""http://twitter.com/download/android"" rel=""nofollow"">Twitter for Android</a>","BethicaLoney",69,TRUE,FALSE,NA,NA
"173","RT @deeg25: Here's Some TRUE conservatives I love  í ¼í·ºí ¼í·¸

.@tedcruz 
.@senatormcdaniel 
.@Nick4House 
.@NickForVA 

ALL are willing to fight fâ€¦",FALSE,0,NA,2018-05-30 19:41:06,FALSE,NA,"1001911397423468545",NA,"<a href=""http://twitter.com/download/iphone"" rel=""nofollow"">Twitter for iPhone</a>","AvontasticLady",69,TRUE,FALSE,NA,NA
"174","RT @deeg25: Here's Some TRUE conservatives I love  í ¼í·ºí ¼í·¸

.@tedcruz 
.@senatormcdaniel 
.@Nick4House 
.@NickForVA 

ALL are willing to fight fâ€¦",FALSE,0,NA,2018-05-30 19:36:04,FALSE,NA,"1001910133042147328",NA,"<a href=""http://twitter.com/download/android"" rel=""nofollow"">Twitter for Android</a>","firstpirro",69,TRUE,FALSE,NA,NA
"175","RT @deeg25: Here's Some TRUE conservatives I love  í ¼í·ºí ¼í·¸

.@tedcruz 
.@senatormcdaniel 
.@Nick4House 
.@NickForVA 

ALL are willing to fight fâ€¦",FALSE,0,NA,2018-05-30 19:33:24,FALSE,NA,"1001909458434494464",NA,"<a href=""http://twitter.com/download/android"" rel=""nofollow"">Twitter for Android</a>","HollywoodUSArmy",69,TRUE,FALSE,NA,NA
"176","RT @deeg25: Here's Some TRUE conservatives I love  í ¼í·ºí ¼í·¸

.@tedcruz 
.@senatormcdaniel 
.@Nick4House 
.@NickForVA 

ALL are willing to fight fâ€¦",FALSE,0,NA,2018-05-30 19:32:12,FALSE,NA,"1001909156981411840",NA,"<a href=""http://twitter.com/download/iphone"" rel=""nofollow"">Twitter for iPhone</a>","BishirDeborah",69,TRUE,FALSE,NA,NA
"178","RT @deeg25: Here's Some TRUE conservatives I love  í ¼í·ºí ¼í·¸

.@tedcruz 
.@senatormcdaniel 
.@Nick4House 
.@NickForVA 

ALL are willing to fight fâ€¦",FALSE,0,NA,2018-05-30 19:15:08,FALSE,NA,"1001904864438423552",NA,"<a href=""http://twitter.com/download/iphone"" rel=""nofollow"">Twitter for iPhone</a>","LauraVanOversch",69,TRUE,FALSE,NA,NA
"179","RT @deeg25: Here's Some TRUE conservatives I love  í ¼í·ºí ¼í·¸

.@tedcruz 
.@senatormcdaniel 
.@Nick4House 
.@NickForVA 

ALL are willing to fight fâ€¦",FALSE,0,NA,2018-05-30 19:14:11,FALSE,NA,"1001904622242590721",NA,"<a href=""http://twitter.com/download/iphone"" rel=""nofollow"">Twitter for iPhone</a>","Jopup1",69,TRUE,FALSE,NA,NA
"180","RT @deeg25: Here's Some TRUE conservatives I love  í ¼í·ºí ¼í·¸

.@tedcruz 
.@senatormcdaniel 
.@Nick4House 
.@NickForVA 

ALL are willing to fight fâ€¦",FALSE,0,NA,2018-05-30 19:14:10,FALSE,NA,"1001904621403688960",NA,"<a href=""http://twitter.com/download/android"" rel=""nofollow"">Twitter for Android</a>","ScoutBird",69,TRUE,FALSE,NA,NA
"181","RT @deeg25: Here's Some TRUE conservatives I love  í ¼í·ºí ¼í·¸

.@tedcruz 
.@senatormcdaniel 
.@Nick4House 
.@NickForVA 

ALL are willing to fight fâ€¦",FALSE,0,NA,2018-05-30 19:11:26,FALSE,NA,"1001903932963160064",NA,"<a href=""http://twitter.com/download/android"" rel=""nofollow"">Twitter for Android</a>","thenationsrage",69,TRUE,FALSE,NA,NA
"183","RT @deeg25: Here's Some TRUE conservatives I love  í ¼í·ºí ¼í·¸

.@tedcruz 
.@senatormcdaniel 
.@Nick4House 
.@NickForVA 

ALL are willing to fight fâ€¦",FALSE,0,NA,2018-05-30 19:09:27,FALSE,NA,"1001903433606139905",NA,"<a href=""http://twitter.com/download/android"" rel=""nofollow"">Twitter for Android</a>","sknightonMAGA",69,TRUE,FALSE,NA,NA
"184","RT @deeg25: Here's Some TRUE conservatives I love  í ¼í·ºí ¼í·¸

.@tedcruz 
.@senatormcdaniel 
.@Nick4House 
.@NickForVA 

ALL are willing to fight fâ€¦",FALSE,0,NA,2018-05-30 19:09:07,FALSE,NA,"1001903350953148416",NA,"<a href=""http://twitter.com/download/iphone"" rel=""nofollow"">Twitter for iPhone</a>","angelathomas22",69,TRUE,FALSE,NA,NA
"185","RT @deeg25: Here's Some TRUE conservatives I love  í ¼í·ºí ¼í·¸

.@tedcruz 
.@senatormcdaniel 
.@Nick4House 
.@NickForVA 

ALL are willing to fight fâ€¦",FALSE,0,NA,2018-05-30 19:06:52,FALSE,NA,"1001902781035245568",NA,"<a href=""http://twitter.com/download/android"" rel=""nofollow"">Twitter for Android</a>","smartgirls4gop",69,TRUE,FALSE,NA,NA
"186","RT @deeg25: Here's Some TRUE conservatives I love  í ¼í·ºí ¼í·¸

.@tedcruz 
.@senatormcdaniel 
.@Nick4House 
.@NickForVA 

ALL are willing to fight fâ€¦",FALSE,0,NA,2018-05-30 19:06:35,FALSE,NA,"1001902712554950657",NA,"<a href=""http://twitter.com/download/iphone"" rel=""nofollow"">Twitter for iPhone</a>","gateway_patriot",69,TRUE,FALSE,NA,NA
"187","RT @deeg25: Here's Some TRUE conservatives I love  í ¼í·ºí ¼í·¸

.@tedcruz 
.@senatormcdaniel 
.@Nick4House 
.@NickForVA 

ALL are willing to fight fâ€¦",FALSE,0,NA,2018-05-30 19:04:32,FALSE,NA,"1001902195787223040",NA,"<a href=""http://twitter.com/download/android"" rel=""nofollow"">Twitter for Android</a>","jay_182018",69,TRUE,FALSE,NA,NA
"188","RT @deeg25: Here's Some TRUE conservatives I love  í ¼í·ºí ¼í·¸

.@tedcruz 
.@senatormcdaniel 
.@Nick4House 
.@NickForVA 

ALL are willing to fight fâ€¦",FALSE,0,NA,2018-05-30 19:02:36,FALSE,NA,"1001901707746394112",NA,"<a href=""http://twitter.com/download/iphone"" rel=""nofollow"">Twitter for iPhone</a>","KGibb123",69,TRUE,FALSE,NA,NA
"189","RT @deeg25: Here's Some TRUE conservatives I love  í ¼í·ºí ¼í·¸

.@tedcruz 
.@senatormcdaniel 
.@Nick4House 
.@NickForVA 

ALL are willing to fight fâ€¦",FALSE,0,NA,2018-05-30 19:02:13,FALSE,NA,"1001901613152440320",NA,"<a href=""http://twitter.com/download/android"" rel=""nofollow"">Twitter for Android</a>","HLAurora63",69,TRUE,FALSE,NA,NA
"190","RT @deeg25: Here's Some TRUE conservatives I love  í ¼í·ºí ¼í·¸

.@tedcruz 
.@senatormcdaniel 
.@Nick4House 
.@NickForVA 

ALL are willing to fight fâ€¦",FALSE,0,NA,2018-05-30 18:59:48,FALSE,NA,"1001901003472547840",NA,"<a href=""http://twitter.com"" rel=""nofollow"">Twitter Web Client</a>","MAGANinaJo",69,TRUE,FALSE,NA,NA
"191","RT @deeg25: Here's Some TRUE conservatives I love  í ¼í·ºí ¼í·¸

.@tedcruz 
.@senatormcdaniel 
.@Nick4House 
.@NickForVA 

ALL are willing to fight fâ€¦",FALSE,0,NA,2018-05-30 18:57:01,FALSE,NA,"1001900304084946944",NA,"<a href=""http://twitter.com/download/android"" rel=""nofollow"">Twitter for Android</a>","MikeDiaz285",69,TRUE,FALSE,NA,NA
"192","RT @deeg25: Here's Some TRUE conservatives I love  í ¼í·ºí ¼í·¸

.@tedcruz 
.@senatormcdaniel 
.@Nick4House 
.@NickForVA 

ALL are willing to fight fâ€¦",FALSE,0,NA,2018-05-30 18:56:09,FALSE,NA,"1001900086174109698",NA,"<a href=""http://twitter.com/download/android"" rel=""nofollow"">Twitter for Android</a>","Bogie44458162",69,TRUE,FALSE,NA,NA
"193","RT @deeg25: Here's Some TRUE conservatives I love  í ¼í·ºí ¼í·¸

.@tedcruz 
.@senatormcdaniel 
.@Nick4House 
.@NickForVA 

ALL are willing to fight fâ€¦",FALSE,0,NA,2018-05-30 18:55:20,FALSE,NA,"1001899881915666433",NA,"<a href=""https://mobile.twitter.com"" rel=""nofollow"">Twitter Lite</a>","cruzforever2018",69,TRUE,FALSE,NA,NA
"194","RT @deeg25: Here's Some TRUE conservatives I love  í ¼í·ºí ¼í·¸

.@tedcruz 
.@senatormcdaniel 
.@Nick4House 
.@NickForVA 

ALL are willing to fight fâ€¦",FALSE,0,NA,2018-05-30 18:54:15,FALSE,NA,"1001899609327890432",NA,"<a href=""http://twitter.com/#!/download/ipad"" rel=""nofollow"">Twitter for iPad</a>","goptejana",69,TRUE,FALSE,NA,NA
"195","RT @deeg25: Here's Some TRUE conservatives I love  í ¼í·ºí ¼í·¸

.@tedcruz 
.@senatormcdaniel 
.@Nick4House 
.@NickForVA 

ALL are willing to fight fâ€¦",FALSE,0,NA,2018-05-30 18:52:36,FALSE,NA,"1001899191885582336",NA,"<a href=""http://twitter.com/download/android"" rel=""nofollow"">Twitter for Android</a>","JohnShaneyfelt1",69,TRUE,FALSE,NA,NA
"196","RT @deeg25: Here's Some TRUE conservatives I love  í ¼í·ºí ¼í·¸

.@tedcruz 
.@senatormcdaniel 
.@Nick4House 
.@NickForVA 

ALL are willing to fight fâ€¦",FALSE,0,NA,2018-05-30 18:51:15,FALSE,NA,"1001898851710586881",NA,"<a href=""http://twitter.com"" rel=""nofollow"">Twitter Web Client</a>","michael__1776",69,TRUE,FALSE,NA,NA
"198","RT @deeg25: Here's Some TRUE conservatives I love  í ¼í·ºí ¼í·¸

.@tedcruz 
.@senatormcdaniel 
.@Nick4House 
.@NickForVA 

ALL are willing to fight fâ€¦",FALSE,0,NA,2018-05-30 18:43:46,FALSE,NA,"1001896970733195264",NA,"<a href=""http://twitter.com/#!/download/ipad"" rel=""nofollow"">Twitter for iPad</a>","TCruzCrew",69,TRUE,FALSE,NA,NA
"199","RT @deeg25: Here's Some TRUE conservatives I love  í ¼í·ºí ¼í·¸

.@tedcruz 
.@senatormcdaniel 
.@Nick4House 
.@NickForVA 

ALL are willing to fight fâ€¦",FALSE,0,NA,2018-05-30 18:42:26,FALSE,NA,"1001896633876049921",NA,"<a href=""http://twitter.com"" rel=""nofollow"">Twitter Web Client</a>","Sgroberts121657",69,TRUE,FALSE,NA,NA
"14","RT @CoreyStewartVA: Huge support Saturday at our ""Rally to Support President Trump's Agenda"" in Loudoun! 

Vote June 12th to defeat radicalâ€¦",FALSE,0,NA,2018-06-02 20:51:22,FALSE,NA,"1003016246508572672",NA,"<a href=""http://twitter.com/download/iphone"" rel=""nofollow"">Twitter for iPhone</a>","PennyDeplorable",51,TRUE,FALSE,NA,NA
"84","RT @CoreyStewartVA: Huge support Saturday at our ""Rally to Support President Trump's Agenda"" in Loudoun! 

Vote June 12th to defeat radicalâ€¦",FALSE,0,NA,2018-06-01 06:04:07,FALSE,NA,"1002430572940201984",NA,"<a href=""http://twitter.com"" rel=""nofollow"">Twitter Web Client</a>","Croatansound",51,TRUE,FALSE,NA,NA
"96","RT @CoreyStewartVA: Huge support Saturday at our ""Rally to Support President Trump's Agenda"" in Loudoun! 

Vote June 12th to defeat radicalâ€¦",FALSE,0,NA,2018-05-31 20:35:44,FALSE,NA,"1002287533441593345",NA,"<a href=""http://twitter.com/download/iphone"" rel=""nofollow"">Twitter for iPhone</a>","GatorOverlords",51,TRUE,FALSE,NA,NA
"99","RT @CoreyStewartVA: Huge support Saturday at our ""Rally to Support President Trump's Agenda"" in Loudoun! 

Vote June 12th to defeat radicalâ€¦",FALSE,0,NA,2018-05-31 20:34:02,FALSE,NA,"1002287105903644673",NA,"<a href=""http://twitter.com/download/iphone"" rel=""nofollow"">Twitter for iPhone</a>","emcintosh76",51,TRUE,FALSE,NA,NA
"103","RT @CoreyStewartVA: Huge support Saturday at our ""Rally to Support President Trump's Agenda"" in Loudoun! 

Vote June 12th to defeat radicalâ€¦",FALSE,0,NA,2018-05-31 17:27:56,FALSE,NA,"1002240273097863170",NA,"<a href=""http://twitter.com/download/iphone"" rel=""nofollow"">Twitter for iPhone</a>","Loneranger1166",51,TRUE,FALSE,NA,NA
"128","RT @CoreyStewartVA: Huge support Saturday at our ""Rally to Support President Trump's Agenda"" in Loudoun! 

Vote June 12th to defeat radicalâ€¦",FALSE,0,NA,2018-05-31 12:39:38,FALSE,NA,"1002167719242944513",NA,"<a href=""http://twitter.com/download/iphone"" rel=""nofollow"">Twitter for iPhone</a>","constitutionmd",51,TRUE,FALSE,NA,NA
"214","RT @CoreyStewartVA: Huge support Saturday at our ""Rally to Support President Trump's Agenda"" in Loudoun! 

Vote June 12th to defeat radicalâ€¦",FALSE,0,NA,2018-05-30 16:38:01,FALSE,NA,"1001865321416941568",NA,"<a href=""http://twitter.com/download/iphone"" rel=""nofollow"">Twitter for iPhone</a>","csekstrom",51,TRUE,FALSE,NA,NA
"221","RT @CoreyStewartVA: Huge support Saturday at our ""Rally to Support President Trump's Agenda"" in Loudoun! 

Vote June 12th to defeat radicalâ€¦",FALSE,0,NA,2018-05-29 23:51:38,FALSE,NA,"1001612057895165959",NA,"<a href=""http://twitter.com/download/iphone"" rel=""nofollow"">Twitter for iPhone</a>","NinaGreenTweets",51,TRUE,FALSE,NA,NA
"223","RT @CoreyStewartVA: Huge support Saturday at our ""Rally to Support President Trump's Agenda"" in Loudoun! 

Vote June 12th to defeat radicalâ€¦",FALSE,0,NA,2018-05-29 18:42:45,FALSE,NA,"1001534323953029120",NA,"<a href=""http://twitter.com"" rel=""nofollow"">Twitter Web Client</a>","reason2sense",51,TRUE,FALSE,NA,NA
"225","RT @CoreyStewartVA: Huge support Saturday at our ""Rally to Support President Trump's Agenda"" in Loudoun! 

Vote June 12th to defeat radicalâ€¦",FALSE,0,NA,2018-05-29 12:44:56,FALSE,NA,"1001444276738326529",NA,"<a href=""http://twitter.com/download/iphone"" rel=""nofollow"">Twitter for iPhone</a>","PJS18463750",51,TRUE,FALSE,NA,NA
"226","RT @CoreyStewartVA: Huge support Saturday at our ""Rally to Support President Trump's Agenda"" in Loudoun! 

Vote June 12th to defeat radicalâ€¦",FALSE,0,NA,2018-05-29 12:27:35,FALSE,NA,"1001439911025741825",NA,"<a href=""http://twitter.com/download/android"" rel=""nofollow"">Twitter for Android</a>","NewCenturian",51,TRUE,FALSE,NA,NA
"228","RT @CoreyStewartVA: Huge support Saturday at our ""Rally to Support President Trump's Agenda"" in Loudoun! 

Vote June 12th to defeat radicalâ€¦",FALSE,0,NA,2018-05-29 12:18:29,FALSE,NA,"1001437620142997511",NA,"<a href=""http://twitter.com/download/iphone"" rel=""nofollow"">Twitter for iPhone</a>","Nov2018election",51,TRUE,FALSE,NA,NA
"232","RT @CoreyStewartVA: Huge support Saturday at our ""Rally to Support President Trump's Agenda"" in Loudoun! 

Vote June 12th to defeat radicalâ€¦",FALSE,0,NA,2018-05-29 02:14:35,FALSE,NA,"1001285644621099014",NA,"<a href=""http://twitter.com/download/iphone"" rel=""nofollow"">Twitter for iPhone</a>","CarolCzarkowski",51,TRUE,FALSE,NA,NA
"233","RT @CoreyStewartVA: Huge support Saturday at our ""Rally to Support President Trump's Agenda"" in Loudoun! 

Vote June 12th to defeat radicalâ€¦",FALSE,0,NA,2018-05-29 01:16:53,FALSE,NA,"1001271124192321536",NA,"<a href=""http://twitter.com/download/iphone"" rel=""nofollow"">Twitter for iPhone</a>","eugenedelgaudio",51,TRUE,FALSE,NA,NA
"235","RT @CoreyStewartVA: Huge support Saturday at our ""Rally to Support President Trump's Agenda"" in Loudoun! 

Vote June 12th to defeat radicalâ€¦",FALSE,0,NA,2018-05-28 20:16:27,FALSE,NA,"1001195517693579264",NA,"<a href=""http://twitter.com/download/iphone"" rel=""nofollow"">Twitter for iPhone</a>","Mololoki",51,TRUE,FALSE,NA,NA
"237","RT @CoreyStewartVA: Huge support Saturday at our ""Rally to Support President Trump's Agenda"" in Loudoun! 

Vote June 12th to defeat radicalâ€¦",FALSE,0,NA,2018-05-28 14:33:40,FALSE,NA,"1001109255607455744",NA,"<a href=""http://twitter.com/download/android"" rel=""nofollow"">Twitter for Android</a>","Jeffersonian445",51,TRUE,FALSE,NA,NA
"238","RT @CoreyStewartVA: Huge support Saturday at our ""Rally to Support President Trump's Agenda"" in Loudoun! 

Vote June 12th to defeat radicalâ€¦",FALSE,0,NA,2018-05-28 12:33:30,FALSE,NA,"1001079012297453568",NA,"<a href=""http://twitter.com/#!/download/ipad"" rel=""nofollow"">Twitter for iPad</a>","EllieNoVATea",51,TRUE,FALSE,NA,NA
"240","RT @CoreyStewartVA: Huge support Saturday at our ""Rally to Support President Trump's Agenda"" in Loudoun! 

Vote June 12th to defeat radicalâ€¦",FALSE,0,NA,2018-05-28 09:04:26,FALSE,NA,"1001026400797757440",NA,"<a href=""http://twitter.com/#!/download/ipad"" rel=""nofollow"">Twitter for iPad</a>","JamesWa55188246",51,TRUE,FALSE,NA,NA
"242","RT @CoreyStewartVA: Huge support Saturday at our ""Rally to Support President Trump's Agenda"" in Loudoun! 

Vote June 12th to defeat radicalâ€¦",FALSE,0,NA,2018-05-27 23:33:21,FALSE,NA,"1000882683533291521",NA,"<a href=""http://twitter.com/download/iphone"" rel=""nofollow"">Twitter for iPhone</a>","ReneeSPotter",51,TRUE,FALSE,NA,NA
"243","RT @CoreyStewartVA: Huge support Saturday at our ""Rally to Support President Trump's Agenda"" in Loudoun! 

Vote June 12th to defeat radicalâ€¦",FALSE,0,NA,2018-05-27 22:43:30,FALSE,NA,"1000870134884466688",NA,"<a href=""http://twitter.com/download/iphone"" rel=""nofollow"">Twitter for iPhone</a>","AndreaDelVecch7",51,TRUE,FALSE,NA,NA
"244","RT @CoreyStewartVA: Huge support Saturday at our ""Rally to Support President Trump's Agenda"" in Loudoun! 

Vote June 12th to defeat radicalâ€¦",FALSE,0,NA,2018-05-27 19:31:39,FALSE,NA,"1000821856323145728",NA,"<a href=""http://twitter.com/download/android"" rel=""nofollow"">Twitter for Android</a>","stevendmosley",51,TRUE,FALSE,NA,NA
"245","RT @CoreyStewartVA: Huge support Saturday at our ""Rally to Support President Trump's Agenda"" in Loudoun! 

Vote June 12th to defeat radicalâ€¦",FALSE,0,NA,2018-05-27 18:49:23,FALSE,NA,"1000811218012196864",NA,"<a href=""http://twitter.com/download/android"" rel=""nofollow"">Twitter for Android</a>","don_wreyford",51,TRUE,FALSE,NA,NA
"246","RT @CoreyStewartVA: Huge support Saturday at our ""Rally to Support President Trump's Agenda"" in Loudoun! 

Vote June 12th to defeat radicalâ€¦",FALSE,0,NA,2018-05-27 18:30:44,FALSE,NA,"1000806527802978304",NA,"<a href=""http://twitter.com/download/android"" rel=""nofollow"">Twitter for Android</a>","ResidentOfFL",51,TRUE,FALSE,NA,NA
"247","RT @CoreyStewartVA: Huge support Saturday at our ""Rally to Support President Trump's Agenda"" in Loudoun! 

Vote June 12th to defeat radicalâ€¦",FALSE,0,NA,2018-05-27 17:56:40,FALSE,NA,"1000797951772545024",NA,"<a href=""http://twitter.com/#!/download/ipad"" rel=""nofollow"">Twitter for iPad</a>","JohnNukeMan",51,TRUE,FALSE,NA,NA
"248","RT @CoreyStewartVA: Huge support Saturday at our ""Rally to Support President Trump's Agenda"" in Loudoun! 

Vote June 12th to defeat radicalâ€¦",FALSE,0,NA,2018-05-27 16:53:17,FALSE,NA,"1000782001199251458",NA,"<a href=""http://twitter.com/download/android"" rel=""nofollow"">Twitter for Android</a>","dutchmanii1",51,TRUE,FALSE,NA,NA
"249","RT @CoreyStewartVA: Huge support Saturday at our ""Rally to Support President Trump's Agenda"" in Loudoun! 

Vote June 12th to defeat radicalâ€¦",FALSE,0,NA,2018-05-27 16:17:33,FALSE,NA,"1000773010301874177",NA,"<a href=""http://twitter.com"" rel=""nofollow"">Twitter Web Client</a>","RomanLike",51,TRUE,FALSE,NA,NA
"250","RT @CoreyStewartVA: Huge support Saturday at our ""Rally to Support President Trump's Agenda"" in Loudoun! 

Vote June 12th to defeat radicalâ€¦",FALSE,0,NA,2018-05-27 15:48:24,FALSE,NA,"1000765672664846336",NA,"<a href=""http://twitter.com"" rel=""nofollow"">Twitter Web Client</a>","galtreport",51,TRUE,FALSE,NA,NA
"251","RT @CoreyStewartVA: Huge support Saturday at our ""Rally to Support President Trump's Agenda"" in Loudoun! 

Vote June 12th to defeat radicalâ€¦",FALSE,0,NA,2018-05-27 15:37:48,FALSE,NA,"1000763006068887552",NA,"<a href=""http://twitter.com/download/iphone"" rel=""nofollow"">Twitter for iPhone</a>","T2Rantor",51,TRUE,FALSE,NA,NA
"252","RT @CoreyStewartVA: Huge support Saturday at our ""Rally to Support President Trump's Agenda"" in Loudoun! 

Vote June 12th to defeat radicalâ€¦",FALSE,0,NA,2018-05-27 15:16:18,FALSE,NA,"1000757596775690240",NA,"<a href=""http://twitter.com/download/iphone"" rel=""nofollow"">Twitter for iPhone</a>","melanie312010",51,TRUE,FALSE,NA,NA
"253","RT @CoreyStewartVA: Huge support Saturday at our ""Rally to Support President Trump's Agenda"" in Loudoun! 

Vote June 12th to defeat radicalâ€¦",FALSE,0,NA,2018-05-27 14:36:44,FALSE,NA,"1000747636255670272",NA,"<a href=""http://twitter.com/download/iphone"" rel=""nofollow"">Twitter for iPhone</a>","sgrandmont",51,TRUE,FALSE,NA,NA
"254","RT @CoreyStewartVA: Huge support Saturday at our ""Rally to Support President Trump's Agenda"" in Loudoun! 

Vote June 12th to defeat radicalâ€¦",FALSE,0,NA,2018-05-27 14:28:44,FALSE,NA,"1000745624067891200",NA,"<a href=""http://twitter.com/download/android"" rel=""nofollow"">Twitter for Android</a>","esr3reedville",51,TRUE,FALSE,NA,NA
"255","RT @CoreyStewartVA: Huge support Saturday at our ""Rally to Support President Trump's Agenda"" in Loudoun! 

Vote June 12th to defeat radicalâ€¦",FALSE,0,NA,2018-05-27 14:27:05,FALSE,NA,"1000745207426625539",NA,"<a href=""http://twitter.com/download/iphone"" rel=""nofollow"">Twitter for iPhone</a>","brandon_orgeron",51,TRUE,FALSE,NA,NA
"256","RT @CoreyStewartVA: Huge support Saturday at our ""Rally to Support President Trump's Agenda"" in Loudoun! 

Vote June 12th to defeat radicalâ€¦",FALSE,0,NA,2018-05-27 14:24:03,FALSE,NA,"1000744446043049984",NA,"<a href=""http://twitter.com/download/iphone"" rel=""nofollow"">Twitter for iPhone</a>","1776tamara",51,TRUE,FALSE,NA,NA
"257","RT @CoreyStewartVA: Huge support Saturday at our ""Rally to Support President Trump's Agenda"" in Loudoun! 

Vote June 12th to defeat radicalâ€¦",FALSE,0,NA,2018-05-27 14:23:29,FALSE,NA,"1000744302631407616",NA,"<a href=""https://mobile.twitter.com"" rel=""nofollow"">Twitter Lite</a>","s_Bass2",51,TRUE,FALSE,NA,NA
"258","RT @CoreyStewartVA: Huge support Saturday at our ""Rally to Support President Trump's Agenda"" in Loudoun! 

Vote June 12th to defeat radicalâ€¦",FALSE,0,NA,2018-05-27 14:22:32,FALSE,NA,"1000744063837134848",NA,"<a href=""http://twitter.com/download/iphone"" rel=""nofollow"">Twitter for iPhone</a>","jim_beau_mtb",51,TRUE,FALSE,NA,NA
"259","RT @CoreyStewartVA: Huge support Saturday at our ""Rally to Support President Trump's Agenda"" in Loudoun! 

Vote June 12th to defeat radicalâ€¦",FALSE,0,NA,2018-05-27 14:19:12,FALSE,NA,"1000743223541878785",NA,"<a href=""http://twitter.com"" rel=""nofollow"">Twitter Web Client</a>","idawhannadoyou",51,TRUE,FALSE,NA,NA
"260","RT @CoreyStewartVA: Huge support Saturday at our ""Rally to Support President Trump's Agenda"" in Loudoun! 

Vote June 12th to defeat radicalâ€¦",FALSE,0,NA,2018-05-27 14:17:08,FALSE,NA,"1000742705041936385",NA,"<a href=""http://twitter.com/download/iphone"" rel=""nofollow"">Twitter for iPhone</a>","jimballard1",51,TRUE,FALSE,NA,NA
"261","RT @CoreyStewartVA: Huge support Saturday at our ""Rally to Support President Trump's Agenda"" in Loudoun! 

Vote June 12th to defeat radicalâ€¦",FALSE,0,NA,2018-05-27 14:12:06,FALSE,NA,"1000741440090075138",NA,"<a href=""http://twitter.com/download/iphone"" rel=""nofollow"">Twitter for iPhone</a>","christinaLW28",51,TRUE,FALSE,NA,NA
"262","RT @CoreyStewartVA: Huge support Saturday at our ""Rally to Support President Trump's Agenda"" in Loudoun! 

Vote June 12th to defeat radicalâ€¦",FALSE,0,NA,2018-05-27 14:07:12,FALSE,NA,"1000740204704075776",NA,"<a href=""http://twitter.com/download/android"" rel=""nofollow"">Twitter for Android</a>","VirginiaMAGAKAG",51,TRUE,FALSE,NA,NA
"263","RT @CoreyStewartVA: Huge support Saturday at our ""Rally to Support President Trump's Agenda"" in Loudoun! 

Vote June 12th to defeat radicalâ€¦",FALSE,0,NA,2018-05-27 14:07:08,FALSE,NA,"1000740189441089536",NA,"<a href=""http://twitter.com/download/android"" rel=""nofollow"">Twitter for Android</a>","AlisonJMiles2",51,TRUE,FALSE,NA,NA
"264","RT @CoreyStewartVA: Huge support Saturday at our ""Rally to Support President Trump's Agenda"" in Loudoun! 

Vote June 12th to defeat radicalâ€¦",FALSE,0,NA,2018-05-27 14:06:24,FALSE,NA,"1000740002752532480",NA,"<a href=""http://twitter.com/download/iphone"" rel=""nofollow"">Twitter for iPhone</a>","Nvehecnycrrcom1",51,TRUE,FALSE,NA,NA
"265","RT @CoreyStewartVA: Huge support Saturday at our ""Rally to Support President Trump's Agenda"" in Loudoun! 

Vote June 12th to defeat radicalâ€¦",FALSE,0,NA,2018-05-27 14:06:16,FALSE,NA,"1000739970527608835",NA,"<a href=""http://twitter.com/download/iphone"" rel=""nofollow"">Twitter for iPhone</a>","coast4life",51,TRUE,FALSE,NA,NA
"266","RT @CoreyStewartVA: Huge support Saturday at our ""Rally to Support President Trump's Agenda"" in Loudoun! 

Vote June 12th to defeat radicalâ€¦",FALSE,0,NA,2018-05-27 14:04:46,FALSE,NA,"1000739594890080258",NA,"<a href=""http://twitter.com/download/iphone"" rel=""nofollow"">Twitter for iPhone</a>","CarlRayLouk",51,TRUE,FALSE,NA,NA
"1","RT @CoreyStewartVA: I met an awesome supporter at our Rally to Defeat MS-13 in Fairfax! A Caps fan too! Go Caps!!

#ALLCAPS

#VASen https:/â€¦",FALSE,0,NA,2018-06-02 23:36:51,FALSE,NA,"1003057889051803650",NA,"<a href=""http://twitter.com/download/android"" rel=""nofollow"">Twitter for Android</a>","dlkvaoh2015",33,TRUE,FALSE,NA,NA
"2","RT @CoreyStewartVA: I met an awesome supporter at our Rally to Defeat MS-13 in Fairfax! A Caps fan too! Go Caps!!

#ALLCAPS

#VASen https:/â€¦",FALSE,0,NA,2018-06-02 23:33:30,FALSE,NA,"1003057044814024705",NA,"<a href=""http://twitter.com/download/android"" rel=""nofollow"">Twitter for Android</a>","R98250729",33,TRUE,FALSE,NA,NA
"4","RT @CoreyStewartVA: I met an awesome supporter at our Rally to Defeat MS-13 in Fairfax! A Caps fan too! Go Caps!!

#ALLCAPS

#VASen https:/â€¦",FALSE,0,NA,2018-06-02 23:23:04,FALSE,NA,"1003054422002413569",NA,"<a href=""http://twitter.com/download/android"" rel=""nofollow"">Twitter for Android</a>","Sandy_inVA",33,TRUE,FALSE,NA,NA
"5","RT @CoreyStewartVA: I met an awesome supporter at our Rally to Defeat MS-13 in Fairfax! A Caps fan too! Go Caps!!

#ALLCAPS

#VASen https:/â€¦",FALSE,0,NA,2018-06-02 23:15:18,FALSE,NA,"1003052467565850625",NA,"<a href=""http://twitter.com/download/iphone"" rel=""nofollow"">Twitter for iPhone</a>","jim_beau_mtb",33,TRUE,FALSE,NA,NA
"6","RT @CoreyStewartVA: I met an awesome supporter at our Rally to Defeat MS-13 in Fairfax! A Caps fan too! Go Caps!!

#ALLCAPS

#VASen https:/â€¦",FALSE,0,NA,2018-06-02 22:53:18,FALSE,NA,"1003046930379956225",NA,"<a href=""http://twitter.com/#!/download/ipad"" rel=""nofollow"">Twitter for iPad</a>","JohnNukeMan",33,TRUE,FALSE,NA,NA
"7","RT @CoreyStewartVA: I met an awesome supporter at our Rally to Defeat MS-13 in Fairfax! A Caps fan too! Go Caps!!

#ALLCAPS

#VASen https:/â€¦",FALSE,0,NA,2018-06-02 22:34:13,FALSE,NA,"1003042126022828033",NA,"<a href=""http://twitter.com"" rel=""nofollow"">Twitter Web Client</a>","HeliaERossini1",33,TRUE,FALSE,NA,NA
"8","RT @CoreyStewartVA: I met an awesome supporter at our Rally to Defeat MS-13 in Fairfax! A Caps fan too! Go Caps!!

#ALLCAPS

#VASen https:/â€¦",FALSE,0,NA,2018-06-02 22:22:01,FALSE,NA,"1003039056710848513",NA,"<a href=""http://twitter.com"" rel=""nofollow"">Twitter Web Client</a>","eugenedelgaudio",33,TRUE,FALSE,NA,NA
"9","RT @CoreyStewartVA: I met an awesome supporter at our Rally to Defeat MS-13 in Fairfax! A Caps fan too! Go Caps!!

#ALLCAPS

#VASen https:/â€¦",FALSE,0,NA,2018-06-02 22:14:14,FALSE,NA,"1003037099371782145",NA,"<a href=""http://twitter.com/download/iphone"" rel=""nofollow"">Twitter for iPhone</a>","rossjohansen",33,TRUE,FALSE,NA,NA
"10","RT @CoreyStewartVA: I met an awesome supporter at our Rally to Defeat MS-13 in Fairfax! A Caps fan too! Go Caps!!

#ALLCAPS

#VASen https:/â€¦",FALSE,0,NA,2018-06-02 22:13:47,FALSE,NA,"1003036987006300161",NA,"<a href=""http://twitter.com"" rel=""nofollow"">Twitter Web Client</a>","RomanLike",33,TRUE,FALSE,NA,NA
"11","RT @CoreyStewartVA: I met an awesome supporter at our Rally to Defeat MS-13 in Fairfax! A Caps fan too! Go Caps!!

#ALLCAPS

#VASen https:/â€¦",FALSE,0,NA,2018-06-02 22:11:10,FALSE,NA,"1003036326592176128",NA,"<a href=""http://twitter.com"" rel=""nofollow"">Twitter Web Client</a>","roosteratlarge",33,TRUE,FALSE,NA,NA
"12","RT @CoreyStewartVA: I met an awesome supporter at our Rally to Defeat MS-13 in Fairfax! A Caps fan too! Go Caps!!

#ALLCAPS

#VASen https:/â€¦",FALSE,0,NA,2018-06-02 22:05:16,FALSE,NA,"1003034843641458694",NA,"<a href=""http://twitter.com/download/iphone"" rel=""nofollow"">Twitter for iPhone</a>","PennyDeplorable",33,TRUE,FALSE,NA,NA
"24","RT @Nov2018election: VA COREY STEWART FOR US SENATE #VASEN #VAGOP #VAPOL https://t.co/SwJ0IlV1nn",FALSE,0,NA,2018-06-02 16:16:50,FALSE,NA,"1002947158016970755",NA,"<a href=""http://twitter.com/download/iphone"" rel=""nofollow"">Twitter for iPhone</a>","TheGunGuy85",33,TRUE,FALSE,NA,NA
"27","RT @Nov2018election: VA COREY STEWART FOR US SENATE #VASEN #VAGOP #VAPOL https://t.co/SwJ0IlV1nn",FALSE,0,NA,2018-06-02 12:46:26,FALSE,NA,"1002894208708079616",NA,"<a href=""http://twitter.com/download/iphone"" rel=""nofollow"">Twitter for iPhone</a>","Jojoinguette",33,TRUE,FALSE,NA,NA
"30","RT @Nov2018election: VA COREY STEWART FOR US SENATE #VASEN #VAGOP #VAPOL https://t.co/SwJ0IlV1nn",FALSE,0,NA,2018-06-02 12:00:52,FALSE,NA,"1002882739727716352",NA,"<a href=""https://mobile.twitter.com"" rel=""nofollow"">Twitter Lite</a>","littlebitgood",33,TRUE,FALSE,NA,NA
"31","RT @Nov2018election: VA COREY STEWART FOR US SENATE #VASEN #VAGOP #VAPOL https://t.co/SwJ0IlV1nn",FALSE,0,NA,2018-06-02 11:50:21,FALSE,NA,"1002880091754586113",NA,"<a href=""http://twitter.com/download/iphone"" rel=""nofollow"">Twitter for iPhone</a>","Nov2018election",33,TRUE,FALSE,NA,NA
"35","RT @Nov2018election: VA COREY STEWART FOR US SENATE #VASEN #VAGOP #VAPOL https://t.co/SwJ0IlV1nn",FALSE,0,NA,2018-06-02 09:15:06,FALSE,NA,"1002841021510832128",NA,"<a href=""http://twitter.com/download/android"" rel=""nofollow"">Twitter for Android</a>","HDowning113",33,TRUE,FALSE,NA,NA
"215","RT @Nov2018election: VA COREY STEWART FOR US SENATE #VASEN #VAGOP #VAPOL https://t.co/SwJ0IlV1nn",FALSE,0,NA,2018-05-30 15:37:13,FALSE,NA,"1001850023418777600",NA,"<a href=""http://twitter.com/download/android"" rel=""nofollow"">Twitter for Android</a>","2018MAGAMidTrmT",33,TRUE,FALSE,NA,NA
"239","RT @Nov2018election: VA COREY STEWART FOR US SENATE #VASEN #VAGOP #VAPOL https://t.co/SwJ0IlV1nn",FALSE,0,NA,2018-05-28 09:08:48,FALSE,NA,"1001027497704722432",NA,"<a href=""http://twitter.com/#!/download/ipad"" rel=""nofollow"">Twitter for iPad</a>","JamesWa55188246",33,TRUE,FALSE,NA,NA
"273","RT @Nov2018election: VA COREY STEWART FOR US SENATE #VASEN #VAGOP #VAPOL https://t.co/SwJ0IlV1nn",FALSE,0,NA,2018-05-27 01:36:32,FALSE,NA,"1000551292736102400",NA,"<a href=""http://twitter.com/download/iphone"" rel=""nofollow"">Twitter for iPhone</a>","JeffRee42838945",33,TRUE,FALSE,NA,NA
"97","RT @Politics_Polls: Virginia Senate - Republican Primary:
Stewart 32% (+23)
Freitas 9%
Jackson 5%

Atlantic Media &amp; Research/@CoreyStewartVâ€¦",FALSE,0,NA,2018-05-31 20:35:27,FALSE,NA,"1002287461983236096",NA,"<a href=""http://twitter.com"" rel=""nofollow"">Twitter Web Client</a>","tamara7958",31,TRUE,FALSE,NA,NA
"98","RT @Politics_Polls: Virginia Senate - Republican Primary:
Stewart 32% (+23)
Freitas 9%
Jackson 5%

Atlantic Media &amp; Research/@CoreyStewartVâ€¦",FALSE,0,NA,2018-05-31 20:34:33,FALSE,NA,"1002287238632427521",NA,"<a href=""http://twitter.com/download/iphone"" rel=""nofollow"">Twitter for iPhone</a>","emcintosh76",31,TRUE,FALSE,NA,NA
"127","RT @Politics_Polls: Virginia Senate - Republican Primary:
Stewart 32% (+23)
Freitas 9%
Jackson 5%

Atlantic Media &amp; Research/@CoreyStewartVâ€¦",FALSE,0,NA,2018-05-31 12:39:41,FALSE,NA,"1002167731364487168",NA,"<a href=""http://twitter.com/download/iphone"" rel=""nofollow"">Twitter for iPhone</a>","constitutionmd",31,TRUE,FALSE,NA,NA
"218","RT @Politics_Polls: Virginia Senate - Republican Primary:
Stewart 32% (+23)
Freitas 9%
Jackson 5%

Atlantic Media &amp; Research/@CoreyStewartVâ€¦",FALSE,0,NA,2018-05-30 13:54:02,FALSE,NA,"1001824055392133120",NA,"<a href=""http://twitter.com"" rel=""nofollow"">Twitter Web Client</a>","Shaftan",31,TRUE,FALSE,NA,NA
"227","RT @Politics_Polls: Virginia Senate - Republican Primary:
Stewart 32% (+23)
Freitas 9%
Jackson 5%

Atlantic Media &amp; Research/@CoreyStewartVâ€¦",FALSE,0,NA,2018-05-29 12:18:39,FALSE,NA,"1001437664938164225",NA,"<a href=""http://twitter.com/download/iphone"" rel=""nofollow"">Twitter for iPhone</a>","Nov2018election",31,TRUE,FALSE,NA,NA
"241","RT @Politics_Polls: Virginia Senate - Republican Primary:
Stewart 32% (+23)
Freitas 9%
Jackson 5%

Atlantic Media &amp; Research/@CoreyStewartVâ€¦",FALSE,0,NA,2018-05-28 02:05:03,FALSE,NA,"1000920858205057025",NA,"<a href=""http://twitter.com/download/android"" rel=""nofollow"">Twitter for Android</a>","MichaelallenHe2",31,TRUE,FALSE,NA,NA
"279","RT @Politics_Polls: Virginia Senate - Republican Primary:
Stewart 32% (+23)
Freitas 9%
Jackson 5%

Atlantic Media &amp; Research/@CoreyStewartVâ€¦",FALSE,0,NA,2018-05-27 00:14:07,FALSE,NA,"1000530554670940160",NA,"<a href=""http://twitter.com/download/iphone"" rel=""nofollow"">Twitter for iPhone</a>","jim_beau_mtb",31,TRUE,FALSE,NA,NA
"18","RT @CoreyStewartVA: This is what happens when you elect Republicans who donâ€™t have a backbone, who donâ€™t stand up for anything. Most of theâ€¦",FALSE,0,NA,2018-06-02 18:41:09,FALSE,NA,"1002983476029771776",NA,"<a href=""http://twitter.com/download/iphone"" rel=""nofollow"">Twitter for iPhone</a>","C0nservativeGal",27,TRUE,FALSE,NA,NA
"20","RT @CoreyStewartVA: This is what happens when you elect Republicans who donâ€™t have a backbone, who donâ€™t stand up for anything. Most of theâ€¦",FALSE,0,NA,2018-06-02 17:32:19,FALSE,NA,"1002966153516474369",NA,"<a href=""http://twitter.com"" rel=""nofollow"">Twitter Web Client</a>","MinorDC",27,TRUE,FALSE,NA,NA
"22","RT @CoreyStewartVA: This is what happens when you elect Republicans who donâ€™t have a backbone, who donâ€™t stand up for anything. Most of theâ€¦",FALSE,0,NA,2018-06-02 17:02:15,FALSE,NA,"1002958585280724993",NA,"<a href=""http://twitter.com"" rel=""nofollow"">Twitter Web Client</a>","eugenedelgaudio",27,TRUE,FALSE,NA,NA
"29","RT @CoreyStewartVA: This is what happens when you elect Republicans who donâ€™t have a backbone, who donâ€™t stand up for anything. Most of theâ€¦",FALSE,0,NA,2018-06-02 12:20:13,FALSE,NA,"1002887607620026368",NA,"<a href=""http://twitter.com/download/android"" rel=""nofollow"">Twitter for Android</a>","markjcogley83",27,TRUE,FALSE,NA,NA
"34","RT @CoreyStewartVA: This is what happens when you elect Republicans who donâ€™t have a backbone, who donâ€™t stand up for anything. Most of theâ€¦",FALSE,0,NA,2018-06-02 09:57:34,FALSE,NA,"1002851711634038785",NA,"<a href=""http://twitter.com/download/iphone"" rel=""nofollow"">Twitter for iPhone</a>","chapinfan1",27,TRUE,FALSE,NA,NA
"39","RT @CoreyStewartVA: This is what happens when you elect Republicans who donâ€™t have a backbone, who donâ€™t stand up for anything. Most of theâ€¦",FALSE,0,NA,2018-06-02 05:50:40,FALSE,NA,"1002789575499001858",NA,"<a href=""http://twitter.com/download/android"" rel=""nofollow"">Twitter for Android</a>","FunLifeGigHarbr",27,TRUE,FALSE,NA,NA
"40","RT @CoreyStewartVA: This is what happens when you elect Republicans who donâ€™t have a backbone, who donâ€™t stand up for anything. Most of theâ€¦",FALSE,0,NA,2018-06-02 04:53:46,FALSE,NA,"1002775258003378176",NA,"<a href=""http://twitter.com/download/android"" rel=""nofollow"">Twitter for Android</a>","Tsaxtalk",27,TRUE,FALSE,NA,NA
"41","RT @CoreyStewartVA: This is what happens when you elect Republicans who donâ€™t have a backbone, who donâ€™t stand up for anything. Most of theâ€¦",FALSE,0,NA,2018-06-02 02:27:15,FALSE,NA,"1002738385797173249",NA,"<a href=""http://twitter.com/download/android"" rel=""nofollow"">Twitter for Android</a>","BestesEvers",27,TRUE,FALSE,NA,NA
"42","RT @CoreyStewartVA: This is what happens when you elect Republicans who donâ€™t have a backbone, who donâ€™t stand up for anything. Most of theâ€¦",FALSE,0,NA,2018-06-02 02:26:12,FALSE,NA,"1002738119446278144",NA,"<a href=""http://twitter.com/download/iphone"" rel=""nofollow"">Twitter for iPhone</a>","jocelyncoppock",27,TRUE,FALSE,NA,NA
"45","RT @CoreyStewartVA: This is what happens when you elect Republicans who donâ€™t have a backbone, who donâ€™t stand up for anything. Most of theâ€¦",FALSE,0,NA,2018-06-02 01:23:30,FALSE,NA,"1002722341514817536",NA,"<a href=""http://twitter.com/#!/download/ipad"" rel=""nofollow"">Twitter for iPad</a>","melanie312010",27,TRUE,FALSE,NA,NA
"52","RT @CoreyStewartVA: This is what happens when you elect Republicans who donâ€™t have a backbone, who donâ€™t stand up for anything. Most of theâ€¦",FALSE,0,NA,2018-06-01 20:20:31,FALSE,NA,"1002646091173638144",NA,"<a href=""http://twitter.com/download/iphone"" rel=""nofollow"">Twitter for iPhone</a>","AndreaDelVecch7",27,TRUE,FALSE,NA,NA
"53","RT @CoreyStewartVA: This is what happens when you elect Republicans who donâ€™t have a backbone, who donâ€™t stand up for anything. Most of theâ€¦",FALSE,0,NA,2018-06-01 20:17:42,FALSE,NA,"1002645383766568961",NA,"<a href=""http://twitter.com/download/iphone"" rel=""nofollow"">Twitter for iPhone</a>","constitutionmd",27,TRUE,FALSE,NA,NA
"65","RT @CoreyStewartVA: This is what happens when you elect Republicans who donâ€™t have a backbone, who donâ€™t stand up for anything. Most of theâ€¦",FALSE,0,NA,2018-06-01 15:51:40,FALSE,NA,"1002578435892502528",NA,"<a href=""http://twitter.com"" rel=""nofollow"">Twitter Web Client</a>","luxconsul",27,TRUE,FALSE,NA,NA
"68","RT @CoreyStewartVA: This is what happens when you elect Republicans who donâ€™t have a backbone, who donâ€™t stand up for anything. Most of theâ€¦",FALSE,0,NA,2018-06-01 15:17:34,FALSE,NA,"1002569853671264256",NA,"<a href=""http://twitter.com/download/android"" rel=""nofollow"">Twitter for Android</a>","don_wreyford",27,TRUE,FALSE,NA,NA
"70","RT @CoreyStewartVA: This is what happens when you elect Republicans who donâ€™t have a backbone, who donâ€™t stand up for anything. Most of theâ€¦",FALSE,0,NA,2018-06-01 14:53:22,FALSE,NA,"1002563761037824000",NA,"<a href=""https://mobile.twitter.com"" rel=""nofollow"">Twitter Lite</a>","s_Bass2",27,TRUE,FALSE,NA,NA
"71","RT @CoreyStewartVA: This is what happens when you elect Republicans who donâ€™t have a backbone, who donâ€™t stand up for anything. Most of theâ€¦",FALSE,0,NA,2018-06-01 14:38:54,FALSE,NA,"1002560120767897601",NA,"<a href=""http://twitter.com/download/iphone"" rel=""nofollow"">Twitter for iPhone</a>","sheepdog2810",27,TRUE,FALSE,NA,NA
"76","RT @CoreyStewartVA: This is what happens when you elect Republicans who donâ€™t have a backbone, who donâ€™t stand up for anything. Most of theâ€¦",FALSE,0,NA,2018-06-01 14:15:07,FALSE,NA,"1002554135227654144",NA,"<a href=""http://twitter.com/download/android"" rel=""nofollow"">Twitter for Android</a>","WilliamDaleDan1",27,TRUE,FALSE,NA,NA
"77","RT @CoreyStewartVA: This is what happens when you elect Republicans who donâ€™t have a backbone, who donâ€™t stand up for anything. Most of theâ€¦",FALSE,0,NA,2018-06-01 14:14:29,FALSE,NA,"1002553977127522304",NA,"<a href=""http://twitter.com/download/android"" rel=""nofollow"">Twitter for Android</a>","ltucker8044",27,TRUE,FALSE,NA,NA
"78","RT @CoreyStewartVA: This is what happens when you elect Republicans who donâ€™t have a backbone, who donâ€™t stand up for anything. Most of theâ€¦",FALSE,0,NA,2018-06-01 14:14:12,FALSE,NA,"1002553904666693634",NA,"<a href=""http://www.tweetcaster.com"" rel=""nofollow"">TweetCaster for Android</a>","FR_Newbrough",27,TRUE,FALSE,NA,NA
"79","RT @CoreyStewartVA: This is what happens when you elect Republicans who donâ€™t have a backbone, who donâ€™t stand up for anything. Most of theâ€¦",FALSE,0,NA,2018-06-01 14:14:07,FALSE,NA,"1002553887352655872",NA,"<a href=""http://twitter.com/#!/download/ipad"" rel=""nofollow"">Twitter for iPad</a>","PennyDeplorable",27,TRUE,FALSE,NA,NA
"89","RT @michael__1776: .@NickForVA knows how we can provide the necessary narrative we need to push for and get free-market healthcare better tâ€¦",FALSE,0,NA,2018-06-01 00:37:07,FALSE,NA,"1002348279504531457",NA,"<a href=""http://twitter.com/#!/download/ipad"" rel=""nofollow"">Twitter for iPad</a>","sdc0911",26,TRUE,FALSE,NA,NA
"92","RT @michael__1776: .@NickForVA knows how we can provide the necessary narrative we need to push for and get free-market healthcare better tâ€¦",FALSE,0,NA,2018-05-31 22:21:20,FALSE,NA,"1002314109541584896",NA,"<a href=""http://twitter.com/download/iphone"" rel=""nofollow"">Twitter for iPhone</a>","ElleTalbert",26,TRUE,FALSE,NA,NA
"93","RT @michael__1776: .@NickForVA knows how we can provide the necessary narrative we need to push for and get free-market healthcare better tâ€¦",FALSE,0,NA,2018-05-31 22:00:42,FALSE,NA,"1002308916875841538",NA,"<a href=""http://twitter.com/download/iphone"" rel=""nofollow"">Twitter for iPhone</a>","MazurikL",26,TRUE,FALSE,NA,NA
"94","RT @michael__1776: .@NickForVA knows how we can provide the necessary narrative we need to push for and get free-market healthcare better tâ€¦",FALSE,0,NA,2018-05-31 20:56:03,FALSE,NA,"1002292648865124354",NA,"<a href=""https://mobile.twitter.com"" rel=""nofollow"">Twitter Lite</a>","SarahDragonGirl",26,TRUE,FALSE,NA,NA
"102","RT @michael__1776: .@NickForVA knows how we can provide the necessary narrative we need to push for and get free-market healthcare better tâ€¦",FALSE,0,NA,2018-05-31 17:37:28,FALSE,NA,"1002242670583058432",NA,"<a href=""http://twitter.com/download/android"" rel=""nofollow"">Twitter for Android</a>","roblord61",26,TRUE,FALSE,NA,NA
"104","RT @michael__1776: .@NickForVA knows how we can provide the necessary narrative we need to push for and get free-market healthcare better tâ€¦",FALSE,0,NA,2018-05-31 17:18:58,FALSE,NA,"1002238016885264384",NA,"<a href=""http://twitter.com/download/iphone"" rel=""nofollow"">Twitter for iPhone</a>","MEL2AUSA",26,TRUE,FALSE,NA,NA
"108","RT @michael__1776: .@NickForVA knows how we can provide the necessary narrative we need to push for and get free-market healthcare better tâ€¦",FALSE,0,NA,2018-05-31 15:49:56,FALSE,NA,"1002215609600495616",NA,"<a href=""http://twitter.com/#!/download/ipad"" rel=""nofollow"">Twitter for iPad</a>","crzymom110",26,TRUE,FALSE,NA,NA
"110","RT @michael__1776: .@NickForVA knows how we can provide the necessary narrative we need to push for and get free-market healthcare better tâ€¦",FALSE,0,NA,2018-05-31 15:32:29,FALSE,NA,"1002211217404985346",NA,"<a href=""http://twitter.com/download/android"" rel=""nofollow"">Twitter for Android</a>","duclos_louise",26,TRUE,FALSE,NA,NA
"111","RT @michael__1776: .@NickForVA knows how we can provide the necessary narrative we need to push for and get free-market healthcare better tâ€¦",FALSE,0,NA,2018-05-31 15:31:31,FALSE,NA,"1002210977935323141",NA,"<a href=""http://twitter.com"" rel=""nofollow"">Twitter Web Client</a>","Kennethjpl76",26,TRUE,FALSE,NA,NA
"112","RT @michael__1776: .@NickForVA knows how we can provide the necessary narrative we need to push for and get free-market healthcare better tâ€¦",FALSE,0,NA,2018-05-31 15:31:20,FALSE,NA,"1002210931844186113",NA,"<a href=""http://twitter.com/download/iphone"" rel=""nofollow"">Twitter for iPhone</a>","Phibear94",26,TRUE,FALSE,NA,NA
"113","RT @michael__1776: .@NickForVA knows how we can provide the necessary narrative we need to push for and get free-market healthcare better tâ€¦",FALSE,0,NA,2018-05-31 15:27:56,FALSE,NA,"1002210072318107653",NA,"<a href=""http://twitter.com/download/iphone"" rel=""nofollow"">Twitter for iPhone</a>","SkippyManuel",26,TRUE,FALSE,NA,NA
"114","RT @michael__1776: .@NickForVA knows how we can provide the necessary narrative we need to push for and get free-market healthcare better tâ€¦",FALSE,0,NA,2018-05-31 15:21:09,FALSE,NA,"1002208367165804546",NA,"<a href=""http://twitter.com/download/android"" rel=""nofollow"">Twitter for Android</a>","TheConservitar3",26,TRUE,FALSE,NA,NA
"115","RT @michael__1776: .@NickForVA knows how we can provide the necessary narrative we need to push for and get free-market healthcare better tâ€¦",FALSE,0,NA,2018-05-31 15:18:28,FALSE,NA,"1002207693296324608",NA,"<a href=""http://twitter.com/download/android"" rel=""nofollow"">Twitter for Android</a>","kwilli1046",26,TRUE,FALSE,NA,NA
"120","RT @michael__1776: .@NickForVA knows how we can provide the necessary narrative we need to push for and get free-market healthcare better tâ€¦",FALSE,0,NA,2018-05-31 14:08:25,FALSE,NA,"1002190061524398081",NA,"<a href=""http://twitter.com/download/iphone"" rel=""nofollow"">Twitter for iPhone</a>","dawnnevel",26,TRUE,FALSE,NA,NA
"121","RT @michael__1776: .@NickForVA knows how we can provide the necessary narrative we need to push for and get free-market healthcare better tâ€¦",FALSE,0,NA,2018-05-31 13:51:01,FALSE,NA,"1002185684533133313",NA,"<a href=""http://twitter.com/download/iphone"" rel=""nofollow"">Twitter for iPhone</a>","q_LaShonda",26,TRUE,FALSE,NA,NA
"122","RT @michael__1776: .@NickForVA knows how we can provide the necessary narrative we need to push for and get free-market healthcare better tâ€¦",FALSE,0,NA,2018-05-31 13:41:40,FALSE,NA,"1002183332095029248",NA,"<a href=""http://twitter.com/download/iphone"" rel=""nofollow"">Twitter for iPhone</a>","MagaMammy",26,TRUE,FALSE,NA,NA
"123","RT @michael__1776: .@NickForVA knows how we can provide the necessary narrative we need to push for and get free-market healthcare better tâ€¦",FALSE,0,NA,2018-05-31 13:18:34,FALSE,NA,"1002177515929133058",NA,"<a href=""http://twitter.com/download/android"" rel=""nofollow"">Twitter for Android</a>","TheRickCanton",26,TRUE,FALSE,NA,NA
"124","RT @michael__1776: .@NickForVA knows how we can provide the necessary narrative we need to push for and get free-market healthcare better tâ€¦",FALSE,0,NA,2018-05-31 13:03:19,FALSE,NA,"1002173680523403264",NA,"<a href=""http://twitter.com/download/iphone"" rel=""nofollow"">Twitter for iPhone</a>","FrankelJeremy",26,TRUE,FALSE,NA,NA
"125","RT @michael__1776: .@NickForVA knows how we can provide the necessary narrative we need to push for and get free-market healthcare better tâ€¦",FALSE,0,NA,2018-05-31 13:02:18,FALSE,NA,"1002173423206981638",NA,"<a href=""http://twitter.com"" rel=""nofollow"">Twitter Web Client</a>","sconnell1791",26,TRUE,FALSE,NA,NA
"270","RT @Nov2018election: VA COREY STEWART FOR US SENATE #VASEN #VAGOP #VAPOL https://t.co/8NYtJrAJfm",FALSE,0,NA,2018-05-27 05:55:59,FALSE,NA,"1000616587056046080",NA,"<a href=""http://twitter.com/download/android"" rel=""nofollow"">Twitter for Android</a>","2018MAGAMidTrmT",23,TRUE,FALSE,NA,NA
"3","RT @COSProject: The Virginia team recruits over 100 new COS supporters! https://t.co/fdojaBf6ps #vasen #valeg #virginia #vapol",FALSE,0,NA,2018-06-02 23:32:28,FALSE,NA,"1003056786008629250",NA,"<a href=""http://twitter.com/download/android"" rel=""nofollow"">Twitter for Android</a>","the_hitman8403",21,TRUE,FALSE,NA,NA
"23","RT @COSProject: The Virginia team recruits over 100 new COS supporters! https://t.co/fdojaBf6ps #vasen #valeg #virginia #vapol",FALSE,0,NA,2018-06-02 16:17:23,FALSE,NA,"1002947292750639104",NA,"<a href=""http://twitter.com/download/iphone"" rel=""nofollow"">Twitter for iPhone</a>","WendyDamron",21,TRUE,FALSE,NA,NA
"25","RT @COSProject: The Virginia team recruits over 100 new COS supporters! https://t.co/fdojaBf6ps #vasen #valeg #virginia #vapol",FALSE,0,NA,2018-06-02 16:16:21,FALSE,NA,"1002947035723640832",NA,"<a href=""http://twitter.com"" rel=""nofollow"">Twitter Web Client</a>","1nonextreamist",21,TRUE,FALSE,NA,NA
"26","RT @COSProject: The Virginia team recruits over 100 new COS supporters! https://t.co/fdojaBf6ps #vasen #valeg #virginia #vapol",FALSE,0,NA,2018-06-02 14:09:23,FALSE,NA,"1002915083071246336",NA,"<a href=""http://twitter.com/download/android"" rel=""nofollow"">Twitter for Android</a>","KB4America",21,TRUE,FALSE,NA,NA
"33","RT @COSProject: The Virginia team recruits over 100 new COS supporters! https://t.co/fdojaBf6ps #vasen #valeg #virginia #vapol",FALSE,0,NA,2018-06-02 10:05:54,FALSE,NA,"1002853809272520704",NA,"<a href=""http://twitter.com/download/android"" rel=""nofollow"">Twitter for Android</a>","Disugeorge",21,TRUE,FALSE,NA,NA
"43","RT @COSProject: The Virginia team recruits over 100 new COS supporters! https://t.co/fdojaBf6ps #vasen #valeg #virginia #vapol",FALSE,0,NA,2018-06-02 01:48:54,FALSE,NA,"1002728733369700352",NA,"<a href=""http://twitter.com"" rel=""nofollow"">Twitter Web Client</a>","finnley123",21,TRUE,FALSE,NA,NA
"44","RT @COSProject: The Virginia team recruits over 100 new COS supporters! https://t.co/fdojaBf6ps #vasen #valeg #virginia #vapol",FALSE,0,NA,2018-06-02 01:48:28,FALSE,NA,"1002728624825425920",NA,"<a href=""http://twitter.com"" rel=""nofollow"">Twitter Web Client</a>","AppSame",21,TRUE,FALSE,NA,NA
"46","RT @COSProject: The Virginia team recruits over 100 new COS supporters! https://t.co/fdojaBf6ps #vasen #valeg #virginia #vapol",FALSE,0,NA,2018-06-02 00:55:38,FALSE,NA,"1002715330094030848",NA,"<a href=""http://twitter.com/download/android"" rel=""nofollow"">Twitter for Android</a>","steelrx8",21,TRUE,FALSE,NA,NA
"47","RT @COSProject: The Virginia team recruits over 100 new COS supporters! https://t.co/fdojaBf6ps #vasen #valeg #virginia #vapol",FALSE,0,NA,2018-06-02 00:29:54,FALSE,NA,"1002708854298304512",NA,"<a href=""http://twitter.com/download/iphone"" rel=""nofollow"">Twitter for iPhone</a>","root_slim",21,TRUE,FALSE,NA,NA
"50","RT @COSProject: The Virginia team recruits over 100 new COS supporters! https://t.co/fdojaBf6ps #vasen #valeg #virginia #vapol",FALSE,0,NA,2018-06-01 21:15:47,FALSE,NA,"1002659999557079040",NA,"<a href=""http://twitter.com/download/android"" rel=""nofollow"">Twitter for Android</a>","jimaw63",21,TRUE,FALSE,NA,NA
"55","RT @COSProject: The Virginia team recruits over 100 new COS supporters! https://t.co/fdojaBf6ps #vasen #valeg #virginia #vapol",FALSE,0,NA,2018-06-01 20:13:10,FALSE,NA,"1002644243926560768",NA,"<a href=""http://twitter.com/download/iphone"" rel=""nofollow"">Twitter for iPhone</a>","richardcaseyhpc",21,TRUE,FALSE,NA,NA
"56","RT @COSProject: The Virginia team recruits over 100 new COS supporters! https://t.co/fdojaBf6ps #vasen #valeg #virginia #vapol",FALSE,0,NA,2018-06-01 17:35:46,FALSE,NA,"1002604631770484736",NA,"<a href=""http://twitter.com/download/android"" rel=""nofollow"">Twitter for Android</a>","JamesDrummer6",21,TRUE,FALSE,NA,NA
"59","RT @COSProject: The Virginia team recruits over 100 new COS supporters! https://t.co/fdojaBf6ps #vasen #valeg #virginia #vapol",FALSE,0,NA,2018-06-01 16:48:19,FALSE,NA,"1002592691933401088",NA,"<a href=""http://twitter.com"" rel=""nofollow"">Twitter Web Client</a>","Lightbookpro",21,TRUE,FALSE,NA,NA
"62","RT @COSProject: The Virginia team recruits over 100 new COS supporters! https://t.co/fdojaBf6ps #vasen #valeg #virginia #vapol",FALSE,0,NA,2018-06-01 16:42:08,FALSE,NA,"1002591134332391426",NA,"<a href=""http://twitter.com"" rel=""nofollow"">Twitter Web Client</a>","Jim_MEfish",21,TRUE,FALSE,NA,NA
"57","RT @VA_GOP: .@timkaine lies on Twitter, gets fact checked into oblivion by @washingtonpost. A tale as old as time. #VASen https://t.co/GqEUâ€¦",FALSE,0,NA,2018-06-01 17:00:02,FALSE,NA,"1002595638461239297",NA,"<a href=""http://twitter.com"" rel=""nofollow"">Twitter Web Client</a>","EightBazookas",20,TRUE,FALSE,NA,NA
"58","RT @VA_GOP: .@timkaine lies on Twitter, gets fact checked into oblivion by @washingtonpost. A tale as old as time. #VASen https://t.co/GqEUâ€¦",FALSE,0,NA,2018-06-01 16:59:11,FALSE,NA,"1002595425151483904",NA,"<a href=""http://twitter.com"" rel=""nofollow"">Twitter Web Client</a>","GarrenShipley",20,TRUE,FALSE,NA,NA
"85","RT @VA_GOP: .@timkaine lies on Twitter, gets fact checked into oblivion by @washingtonpost. A tale as old as time. #VASen https://t.co/GqEUâ€¦",FALSE,0,NA,2018-06-01 06:00:22,FALSE,NA,"1002429630119337984",NA,"<a href=""http://twitter.com"" rel=""nofollow"">Twitter Web Client</a>","Croatansound",20,TRUE,FALSE,NA,NA
"101","RT @VA_GOP: .@timkaine lies on Twitter, gets fact checked into oblivion by @washingtonpost. A tale as old as time. #VASen https://t.co/GqEUâ€¦",FALSE,0,NA,2018-05-31 18:07:02,FALSE,NA,"1002250115049054208",NA,"<a href=""http://twitter.com/download/android"" rel=""nofollow"">Twitter for Android</a>","HunterMillGOP",20,TRUE,FALSE,NA,NA
"134","RT @VA_GOP: .@timkaine lies on Twitter, gets fact checked into oblivion by @washingtonpost. A tale as old as time. #VASen https://t.co/GqEUâ€¦",FALSE,0,NA,2018-05-31 01:45:59,FALSE,NA,"1002003221689364481",NA,"<a href=""http://twitter.com/#!/download/ipad"" rel=""nofollow"">Twitter for iPad</a>","c_fortunate2",20,TRUE,FALSE,NA,NA
"137","RT @VA_GOP: .@timkaine lies on Twitter, gets fact checked into oblivion by @washingtonpost. A tale as old as time. #VASen https://t.co/GqEUâ€¦",FALSE,0,NA,2018-05-31 01:24:41,FALSE,NA,"1001997861972783106",NA,"<a href=""https://mobile.twitter.com"" rel=""nofollow"">Twitter Lite</a>","BackOnTrackUSA",20,TRUE,FALSE,NA,NA
"140","RT @VA_GOP: .@timkaine lies on Twitter, gets fact checked into oblivion by @washingtonpost. A tale as old as time. #VASen https://t.co/GqEUâ€¦",FALSE,0,NA,2018-05-31 00:51:08,FALSE,NA,"1001989418356543489",NA,"<a href=""http://twitter.com/download/iphone"" rel=""nofollow"">Twitter for iPhone</a>","TheMrsPorch",20,TRUE,FALSE,NA,NA
"153","RT @VA_GOP: .@timkaine lies on Twitter, gets fact checked into oblivion by @washingtonpost. A tale as old as time. #VASen https://t.co/GqEUâ€¦",FALSE,0,NA,2018-05-30 22:12:54,FALSE,NA,"1001949599370829825",NA,"<a href=""http://twitter.com/download/iphone"" rel=""nofollow"">Twitter for iPhone</a>","JohnWhitbeck",20,TRUE,FALSE,NA,NA
"157","RT @VA_GOP: .@timkaine lies on Twitter, gets fact checked into oblivion by @washingtonpost. A tale as old as time. #VASen https://t.co/GqEUâ€¦",FALSE,0,NA,2018-05-30 21:08:25,FALSE,NA,"1001933371839320064",NA,"<a href=""http://twitter.com/download/android"" rel=""nofollow"">Twitter for Android</a>","gadsdenlady",20,TRUE,FALSE,NA,NA
"158","RT @VA_GOP: .@timkaine lies on Twitter, gets fact checked into oblivion by @washingtonpost. A tale as old as time. #VASen https://t.co/GqEUâ€¦",FALSE,0,NA,2018-05-30 21:05:00,FALSE,NA,"1001932511679799296",NA,"<a href=""http://twitter.com/download/iphone"" rel=""nofollow"">Twitter for iPhone</a>","paulysdugout",20,TRUE,FALSE,NA,NA
"165","RT @VA_GOP: .@timkaine lies on Twitter, gets fact checked into oblivion by @washingtonpost. A tale as old as time. #VASen https://t.co/GqEUâ€¦",FALSE,0,NA,2018-05-30 20:21:21,FALSE,NA,"1001921528915783680",NA,"<a href=""http://twitter.com/download/iphone"" rel=""nofollow"">Twitter for iPhone</a>","Phibear94",20,TRUE,FALSE,NA,NA
"177","RT @VA_GOP: .@timkaine lies on Twitter, gets fact checked into oblivion by @washingtonpost. A tale as old as time. #VASen https://t.co/GqEUâ€¦",FALSE,0,NA,2018-05-30 19:26:09,FALSE,NA,"1001907633673076737",NA,"<a href=""http://twitter.com/download/iphone"" rel=""nofollow"">Twitter for iPhone</a>","CRFVirginia",20,TRUE,FALSE,NA,NA
"182","RT @VA_GOP: .@timkaine lies on Twitter, gets fact checked into oblivion by @washingtonpost. A tale as old as time. #VASen https://t.co/GqEUâ€¦",FALSE,0,NA,2018-05-30 19:10:39,FALSE,NA,"1001903734375448583",NA,"<a href=""http://twitter.com/download/iphone"" rel=""nofollow"">Twitter for iPhone</a>","Ccruzan",20,TRUE,FALSE,NA,NA
"197","RT @VA_GOP: .@timkaine lies on Twitter, gets fact checked into oblivion by @washingtonpost. A tale as old as time. #VASen https://t.co/GqEUâ€¦",FALSE,0,NA,2018-05-30 18:48:48,FALSE,NA,"1001898234195988480",NA,"<a href=""http://twitter.com/#!/download/ipad"" rel=""nofollow"">Twitter for iPad</a>","bikerbd",20,TRUE,FALSE,NA,NA
"201","RT @VA_GOP: .@timkaine lies on Twitter, gets fact checked into oblivion by @washingtonpost. A tale as old as time. #VASen https://t.co/GqEUâ€¦",FALSE,0,NA,2018-05-30 18:38:13,FALSE,NA,"1001895570934398977",NA,"<a href=""http://twitter.com"" rel=""nofollow"">Twitter Web Client</a>","TheRickCanton",20,TRUE,FALSE,NA,NA
"202","RT @VA_GOP: .@timkaine lies on Twitter, gets fact checked into oblivion by @washingtonpost. A tale as old as time. #VASen https://t.co/GqEUâ€¦",FALSE,0,NA,2018-05-30 18:08:48,FALSE,NA,"1001888170085179392",NA,"<a href=""http://twitter.com"" rel=""nofollow"">Twitter Web Client</a>","LoudounGOP",20,TRUE,FALSE,NA,NA
"205","RT @VA_GOP: .@timkaine lies on Twitter, gets fact checked into oblivion by @washingtonpost. A tale as old as time. #VASen https://t.co/GqEUâ€¦",FALSE,0,NA,2018-05-30 17:47:06,FALSE,NA,"1001882709071888384",NA,"<a href=""http://twitter.com/download/iphone"" rel=""nofollow"">Twitter for iPhone</a>","petergunnPI",20,TRUE,FALSE,NA,NA
"207","RT @VA_GOP: .@timkaine lies on Twitter, gets fact checked into oblivion by @washingtonpost. A tale as old as time. #VASen https://t.co/GqEUâ€¦",FALSE,0,NA,2018-05-30 17:33:47,FALSE,NA,"1001879358288596992",NA,"<a href=""http://twitter.com/download/android"" rel=""nofollow"">Twitter for Android</a>","yummy22543",20,TRUE,FALSE,NA,NA
"208","RT @VA_GOP: .@timkaine lies on Twitter, gets fact checked into oblivion by @washingtonpost. A tale as old as time. #VASen https://t.co/GqEUâ€¦",FALSE,0,NA,2018-05-30 17:28:12,FALSE,NA,"1001877953372966916",NA,"<a href=""https://roundteam.co"" rel=""nofollow"">RoundTeam</a>","VFRWomen",20,TRUE,FALSE,NA,NA
"209","RT @VA_GOP: .@timkaine lies on Twitter, gets fact checked into oblivion by @washingtonpost. A tale as old as time. #VASen https://t.co/GqEUâ€¦",FALSE,0,NA,2018-05-30 17:23:54,FALSE,NA,"1001876871850708994",NA,"<a href=""http://twitter.com"" rel=""nofollow"">Twitter Web Client</a>","stephzemanek",20,TRUE,FALSE,NA,NA
"21","RT @CoreyStewartVA: Just another indication of political correctness gone rampant. We cannot let the radical left erase our history. 

#VASâ€¦",FALSE,0,NA,2018-06-02 17:02:28,FALSE,NA,"1002958640565882881",NA,"<a href=""http://twitter.com"" rel=""nofollow"">Twitter Web Client</a>","eugenedelgaudio",11,TRUE,FALSE,NA,NA
"54","RT @CoreyStewartVA: Just another indication of political correctness gone rampant. We cannot let the radical left erase our history. 

#VASâ€¦",FALSE,0,NA,2018-06-01 20:17:16,FALSE,NA,"1002645273678700546",NA,"<a href=""http://twitter.com/download/iphone"" rel=""nofollow"">Twitter for iPhone</a>","constitutionmd",11,TRUE,FALSE,NA,NA
"72","RT @CoreyStewartVA: Just another indication of political correctness gone rampant. We cannot let the radical left erase our history. 

#VASâ€¦",FALSE,0,NA,2018-06-01 14:30:47,FALSE,NA,"1002558079987306496",NA,"<a href=""http://twitter.com"" rel=""nofollow"">Twitter Web Client</a>","HeliaERossini1",11,TRUE,FALSE,NA,NA
"73","RT @CoreyStewartVA: Just another indication of political correctness gone rampant. We cannot let the radical left erase our history. 

#VASâ€¦",FALSE,0,NA,2018-06-01 14:28:26,FALSE,NA,"1002557486438801410",NA,"<a href=""http://twitter.com/#!/download/ipad"" rel=""nofollow"">Twitter for iPad</a>","RomeosMom7",11,TRUE,FALSE,NA,NA
"74","RT @CoreyStewartVA: Just another indication of political correctness gone rampant. We cannot let the radical left erase our history. 

#VASâ€¦",FALSE,0,NA,2018-06-01 14:24:49,FALSE,NA,"1002556578875179014",NA,"<a href=""http://twitter.com/download/android"" rel=""nofollow"">Twitter for Android</a>","ritastacy",11,TRUE,FALSE,NA,NA
"75","RT @CoreyStewartVA: Just another indication of political correctness gone rampant. We cannot let the radical left erase our history. 

#VASâ€¦",FALSE,0,NA,2018-06-01 14:20:02,FALSE,NA,"1002555372568227840",NA,"<a href=""http://twitter.com/download/android"" rel=""nofollow"">Twitter for Android</a>","ltucker8044",11,TRUE,FALSE,NA,NA
"81","RT @CoreyStewartVA: Just another indication of political correctness gone rampant. We cannot let the radical left erase our history. 

#VASâ€¦",FALSE,0,NA,2018-06-01 14:11:51,FALSE,NA,"1002553315832553474",NA,"<a href=""http://twitter.com/download/android"" rel=""nofollow"">Twitter for Android</a>","Kit_hunt",11,TRUE,FALSE,NA,NA
"268","RT @deeg25: @NickForVA @antonia_okafor Virginia please vote #Nick4Va! A real conservative patriot who America needs!  #VaSen #LibertyRisingâ€¦",FALSE,0,NA,2018-05-27 12:02:54,FALSE,NA,"1000708922444079105",NA,"<a href=""http://twitter.com/download/iphone"" rel=""nofollow"">Twitter for iPhone</a>","MFEUZ3",9,TRUE,FALSE,NA,NA
"269","RT @acs4de: The rain cant stop us from knocking doors for @NickForVA #libertyrising #VASen https://t.co/jh7kihNIaK",FALSE,0,NA,2018-05-27 10:34:30,FALSE,NA,"1000686679219458048",NA,"<a href=""http://twitter.com/download/android"" rel=""nofollow"">Twitter for Android</a>","Joel44537047",9,TRUE,FALSE,NA,NA
"271","RT @deeg25: @NickForVA @antonia_okafor Virginia please vote #Nick4Va! A real conservative patriot who America needs!  #VaSen #LibertyRisingâ€¦",FALSE,0,NA,2018-05-27 04:24:57,FALSE,NA,"1000593678887477248",NA,"<a href=""http://twitter.com"" rel=""nofollow"">Twitter Web Client</a>","ItsChad",9,TRUE,FALSE,NA,NA
"272","RT @deeg25: @NickForVA @antonia_okafor Virginia please vote #Nick4Va! A real conservative patriot who America needs!  #VaSen #LibertyRisingâ€¦",FALSE,0,NA,2018-05-27 03:40:10,FALSE,NA,"1000582409111375872",NA,"<a href=""http://twitter.com/download/iphone"" rel=""nofollow"">Twitter for iPhone</a>","shupe_laura",9,TRUE,FALSE,NA,NA
"274","RT @deeg25: @NickForVA @antonia_okafor Virginia please vote #Nick4Va! A real conservative patriot who America needs!  #VaSen #LibertyRisingâ€¦",FALSE,0,NA,2018-05-27 01:13:29,FALSE,NA,"1000545493443850240",NA,"<a href=""http://twitter.com/download/android"" rel=""nofollow"">Twitter for Android</a>","mrbryanrdavis",9,TRUE,FALSE,NA,NA
"275","RT @deeg25: @NickForVA @antonia_okafor Virginia please vote #Nick4Va! A real conservative patriot who America needs!  #VaSen #LibertyRisingâ€¦",FALSE,0,NA,2018-05-27 01:08:49,FALSE,NA,"1000544318694838273",NA,"<a href=""http://twitter.com/download/android"" rel=""nofollow"">Twitter for Android</a>","GennieCritzer",9,TRUE,FALSE,NA,NA
"276","RT @deeg25: @NickForVA @antonia_okafor Virginia please vote #Nick4Va! A real conservative patriot who America needs!  #VaSen #LibertyRisingâ€¦",FALSE,0,NA,2018-05-27 00:58:37,FALSE,NA,"1000541751482945537",NA,"<a href=""http://twitter.com/download/iphone"" rel=""nofollow"">Twitter for iPhone</a>","DeniseBradshaw2",9,TRUE,FALSE,NA,NA
"277","RT @deeg25: @NickForVA @antonia_okafor Virginia please vote #Nick4Va! A real conservative patriot who America needs!  #VaSen #LibertyRisingâ€¦",FALSE,0,NA,2018-05-27 00:56:48,FALSE,NA,"1000541294425509888",NA,"<a href=""http://twitter.com"" rel=""nofollow"">Twitter Web Client</a>","davealvord164",9,TRUE,FALSE,NA,NA
"278","RT @deeg25: @NickForVA @antonia_okafor Virginia please vote #Nick4Va! A real conservative patriot who America needs!  #VaSen #LibertyRisingâ€¦",FALSE,0,NA,2018-05-27 00:30:46,FALSE,NA,"1000534744549834752",NA,"<a href=""http://twitter.com"" rel=""nofollow"">Twitter Web Client</a>","michael__1776",9,TRUE,FALSE,NA,NA
"51","RT @IanSams: On Medicaid expansion...

@CoreyStewartVA: I want ""a full repeal of Medicaid.""

@NickForVA: We've ""created additional dependenâ€¦",FALSE,0,NA,2018-06-01 20:42:43,FALSE,NA,"1002651679790071808",NA,"<a href=""http://twitter.com"" rel=""nofollow"">Twitter Web Client</a>","lowkell",4,TRUE,FALSE,NA,NA
"116","RT @IanSams: On Medicaid expansion...

@CoreyStewartVA: I want ""a full repeal of Medicaid.""

@NickForVA: We've ""created additional dependenâ€¦",FALSE,0,NA,2018-05-31 15:12:20,FALSE,NA,"1002206148156710917",NA,"<a href=""http://twitter.com"" rel=""nofollow"">Twitter Web Client</a>","MeganApper",4,TRUE,FALSE,NA,NA
"117","RT @IanSams: On Medicaid expansion...

@CoreyStewartVA: I want ""a full repeal of Medicaid.""

@NickForVA: We've ""created additional dependenâ€¦",FALSE,0,NA,2018-05-31 14:58:54,FALSE,NA,"1002202765819629570",NA,"<a href=""http://twitter.com/download/iphone"" rel=""nofollow"">Twitter for iPhone</a>","ChazNuttycombe",4,TRUE,FALSE,NA,NA
"118","RT @IanSams: On Medicaid expansion...

@CoreyStewartVA: I want ""a full repeal of Medicaid.""

@NickForVA: We've ""created additional dependenâ€¦",FALSE,0,NA,2018-05-31 14:49:34,FALSE,NA,"1002200420205330432",NA,"<a href=""http://twitter.com/download/iphone"" rel=""nofollow"">Twitter for iPhone</a>","woodhouseb",4,TRUE,FALSE,NA,NA
"48","RT @BangDingOww: â‰«
Chinese #military tactics bookã€€å…­éŸœï¼šSix Secret Teachings

#VAsen #VAsenate #VApol #VApoli #VApolitics #VAHouse #VAGOP httpâ€¦",FALSE,0,NA,2018-06-02 00:18:10,FALSE,NA,"1002705900728041479",NA,"<a href=""http://twitter.com/download/iphone"" rel=""nofollow"">Twitter for iPhone</a>","aozukinsan",3,TRUE,FALSE,NA,NA
"145","RT @frankoanderson: Del. @NickForVA up now with his last chance to grandstand and build up support for his U.S. Senate run before the Juneâ€¦",FALSE,0,NA,2018-05-31 00:20:29,FALSE,NA,"1001981704830152704",NA,"<a href=""http://twitter.com/download/android"" rel=""nofollow"">Twitter for Android</a>","1nancyschindler",3,TRUE,FALSE,NA,NA
"148","RT @frankoanderson: Del. @NickForVA up now with his last chance to grandstand and build up support for his U.S. Senate run before the Juneâ€¦",FALSE,0,NA,2018-05-31 00:07:05,FALSE,NA,"1001978335562477568",NA,"<a href=""http://twitter.com/download/iphone"" rel=""nofollow"">Twitter for iPhone</a>","MJA_DC_FFX",3,TRUE,FALSE,NA,NA
"149","RT @frankoanderson: Del. @NickForVA up now with his last chance to grandstand and build up support for his U.S. Senate run before the Juneâ€¦",FALSE,0,NA,2018-05-30 23:58:42,FALSE,NA,"1001976224615424000",NA,"<a href=""https://about.twitter.com/products/tweetdeck"" rel=""nofollow"">TweetDeck</a>","briandevine",3,TRUE,FALSE,NA,NA
"206","RT @DKElections: E.W. Jackson ad: ""I am not an African American, I'm an American!"" #VASEN https://t.co/1LWRZv5LAo https://t.co/yU3tTMitGV",FALSE,0,NA,2018-05-30 17:42:36,FALSE,NA,"1001881575666208770",NA,"<a href=""http://twitter.com/download/iphone"" rel=""nofollow"">Twitter for iPhone</a>","onwurd",3,TRUE,FALSE,NA,NA
"211","RT @DKElections: E.W. Jackson ad: ""I am not an African American, I'm an American!"" #VASEN https://t.co/1LWRZv5LAo https://t.co/yU3tTMitGV",FALSE,0,NA,2018-05-30 16:44:57,FALSE,NA,"1001867066893357057",NA,"<a href=""http://twitter.com"" rel=""nofollow"">Twitter Web Client</a>","waywardson2016",3,TRUE,FALSE,NA,NA
"212","RT @DKElections: E.W. Jackson ad: ""I am not an African American, I'm an American!"" #VASEN https://t.co/1LWRZv5LAo https://t.co/yU3tTMitGV",FALSE,0,NA,2018-05-30 16:44:06,FALSE,NA,"1001866852849668096",NA,"<a href=""http://twitter.com/download/iphone"" rel=""nofollow"">Twitter for iPhone</a>","luizhsrodrigues",3,TRUE,FALSE,NA,NA
"222","RT @patriotmom61: .@MarkObenshain @SenRichardBlack @ryanmcdougle @TommyNorment Please pass a clean budget with NO Medicaid expansion! New Aâ€¦",FALSE,0,NA,2018-05-29 21:41:40,FALSE,NA,"1001579351870144512",NA,"<a href=""http://twitter.com"" rel=""nofollow"">Twitter Web Client</a>","alexandraheuser",3,TRUE,FALSE,NA,NA
"229","RT @patriotmom61: .@MarkObenshain @SenRichardBlack @ryanmcdougle @TommyNorment Please pass a clean budget with NO Medicaid expansion! New Aâ€¦",FALSE,0,NA,2018-05-29 05:33:44,FALSE,NA,"1001335762711973889",NA,"<a href=""http://twitter.com"" rel=""nofollow"">Twitter Web Client</a>","bluecollarRose",3,TRUE,FALSE,NA,NA
"230","RT @patriotmom61: .@MarkObenshain @SenRichardBlack @ryanmcdougle @TommyNorment Please pass a clean budget with NO Medicaid expansion! New Aâ€¦",FALSE,0,NA,2018-05-29 05:31:47,FALSE,NA,"1001335273635110913",NA,"<a href=""http://twitter.com"" rel=""nofollow"">Twitter Web Client</a>","patriotmom61",3,TRUE,FALSE,NA,NA
"16","RT @TheMrsPorch: I heard @NickForVA on @LarryOConnor today! Heâ€™s the real deal and just the guy we need in the Senate. I voted absentee forâ€¦",FALSE,0,NA,2018-06-02 19:34:29,FALSE,NA,"1002996897529749504",NA,"<a href=""http://twitter.com"" rel=""nofollow"">Twitter Web Client</a>","michael__1776",2,TRUE,FALSE,NA,NA
"19","RT @Croatansound: US unemployment hits an 18-year low despite trade concerns: #TaxCutsAndJobsAct #EconomicGrowth #Jobs #Utah #UTsen #UTpolâ€¦",FALSE,0,NA,2018-06-02 18:27:02,FALSE,NA,"1002979920207704064",NA,"<a href=""http://twitter.com/download/android"" rel=""nofollow"">Twitter for Android</a>","AIpatriotIZ",2,TRUE,FALSE,NA,NA
"32","RT @Croatansound: US unemployment hits an 18-year low despite trade concerns: #TaxCutsAndJobsAct #EconomicGrowth #Jobs #Utah #UTsen #UTpolâ€¦",FALSE,0,NA,2018-06-02 11:04:41,FALSE,NA,"1002868602662543360",NA,"<a href=""http://twitter.com/download/iphone"" rel=""nofollow"">Twitter for iPhone</a>","IvanIsRed1",2,TRUE,FALSE,NA,NA
"66","RT @LCVoters: On the anniversary of Trumpâ€™s decision to withdraw from the #ParisAgreement, LCVAF is thrilled to endorse #CleanEnergy champâ€¦",FALSE,0,NA,2018-06-01 15:29:44,FALSE,NA,"1002572915244748805",NA,"<a href=""http://twitter.com/download/iphone"" rel=""nofollow"">Twitter for iPhone</a>","davidwillett",2,TRUE,FALSE,NA,NA
"67","RT @LCVoters: On the anniversary of Trumpâ€™s decision to withdraw from the #ParisAgreement, LCVAF is thrilled to endorse #CleanEnergy champâ€¦",FALSE,0,NA,2018-06-01 15:19:51,FALSE,NA,"1002570428555104258",NA,"<a href=""http://twitter.com/#!/download/ipad"" rel=""nofollow"">Twitter for iPad</a>","MRothmanPetArt",2,TRUE,FALSE,NA,NA
"28","RT @MichaelLeePope: What kind of candidate will voters choose to be the #GOP nominee taking on Senator @timkaine this November? Voters haveâ€¦",FALSE,0,NA,2018-06-02 12:25:08,FALSE,NA,"1002888847678754816",NA,"<a href=""http://twitter.com"" rel=""nofollow"">Twitter Web Client</a>","drsfarnsworth",1,TRUE,FALSE,NA,NA
"60","RT @GarrenShipley: How low does unemployment have to fall, and how high do wages have to rise, before Democrats simply admit they were wronâ€¦",FALSE,0,NA,2018-06-01 16:46:33,FALSE,NA,"1002592247341309954",NA,"<a href=""http://twitter.com/download/iphone"" rel=""nofollow"">Twitter for iPhone</a>","VAGOPCaucus",1,TRUE,FALSE,NA,NA
"203","RT @GarrenShipley: Let's talk about @LeslieCockburn then, shall we? Has @Timkaine read her book? #va05 #vasen https://t.co/4MopYlf9Yw",FALSE,0,NA,2018-05-30 18:06:09,FALSE,NA,"1001887502033195009",NA,"<a href=""http://twitter.com"" rel=""nofollow"">Twitter Web Client</a>","AdamKimelman",1,TRUE,FALSE,NA,NA
"15","@DWSalts @craftypanda @PositiveInt @RepTomGarrett OK, why is Riggleman better for #VA05 ?

Pretend for a second I hâ€¦ https://t.co/tQwDFGMcSa",FALSE,0,"DWSalts",2018-06-02 20:06:18,TRUE,"1002988307947679744","1003004904171102209","757265529534976000","<a href=""http://twitter.com"" rel=""nofollow"">Twitter Web Client</a>","davealvord164",0,FALSE,FALSE,NA,NA
"37","Thanks to @GOP #TaxCutsAndJobsAct ='s More TAKE HOME PAY &amp; More #Jobs to Help Pay National Debt Down By Default w/Mâ€¦ https://t.co/gJeRKtwpD3",FALSE,0,NA,2018-06-02 07:36:28,TRUE,NA,"1002816203159756803",NA,"<a href=""http://twitter.com"" rel=""nofollow"">Twitter Web Client</a>","Croatansound",0,FALSE,FALSE,NA,NA
"61","RT COSProject:The Virginia team recruits over 100 new COS supporters! https://t.co/IcqC8VOr97 #vasen #valegâ€¦ https://t.co/1EjJyM0Es0",FALSE,0,NA,2018-06-01 16:45:36,TRUE,NA,"1002592006701486080",NA,"<a href=""https://ifttt.com"" rel=""nofollow"">IFTTT</a>","jlrowe",0,FALSE,FALSE,NA,NA
"87","Morning in America: More say theyâ€™re â€˜better offâ€™ under Trump, blacks, Hispanics: Rising Tide Lifts All Boats:â€¦ https://t.co/iwYRajTFy1",FALSE,0,NA,2018-06-01 05:31:33,TRUE,NA,"1002422377836437504",NA,"<a href=""http://twitter.com"" rel=""nofollow"">Twitter Web Client</a>","Croatansound",0,FALSE,FALSE,NA,NA
"100","NEW FEC F24
DEFEAT CAREER POLITICIANS PAC INC.
$15,300-&gt; #VASEN
https://t.co/qm3DKRGMnZ https://t.co/QR6iMATOkX",FALSE,0,NA,2018-05-31 19:20:21,FALSE,NA,"1002268562566791168",NA,"<a href=""http://www.californiatargetbook.com"" rel=""nofollow"">CATargetBot</a>","CATargetBot",0,FALSE,FALSE,NA,NA
"109","Corey Stewart coming to North Arlingtonâ€¦ #VASEN https://t.co/hXi303I7EL",FALSE,0,NA,2018-05-31 15:36:50,FALSE,NA,"1002212312827252737",NA,"<a href=""https://about.twitter.com/products/tweetdeck"" rel=""nofollow"">TweetDeck</a>","KyleTrygstad",0,FALSE,FALSE,NA,NA
"216","Still waiting for someone in the #RPV with an ounce of integrity to make public how @ewjacksonsr was recruited by Wâ€¦ https://t.co/ZCheyqvlCq",FALSE,0,NA,2018-05-30 15:32:41,TRUE,NA,"1001848882496712704",NA,"<a href=""https://about.twitter.com/products/tweetdeck"" rel=""nofollow"">TweetDeck</a>","TweetrHandle",0,FALSE,FALSE,NA,NA
"217","You're a desperate embarrassment.
Virginia deserves far better than you, Corey. #VaSen https://t.co/8bLLfwi9ZM",FALSE,0,NA,2018-05-30 14:28:41,FALSE,NA,"1001832777598238721",NA,"<a href=""http://twitter.com"" rel=""nofollow"">Twitter Web Client</a>","nateCNU",0,FALSE,FALSE,NA,NA
"219","@WontMarch4Soros To echo the Rabbi quoted in the story, its not anti-Semitic to criticize Israel.

What are your thâ€¦ https://t.co/znuMQ2yCuR",FALSE,0,"WontMarch4Soros",2018-05-30 12:23:25,TRUE,"1001800076526833665","1001801250831204352","2890103754","<a href=""https://about.twitter.com/products/tweetdeck"" rel=""nofollow"">TweetDeck</a>","TweetrHandle",0,FALSE,FALSE,NA,NA
"220","Former Trump campaign members on contact with Mueller probe: End the #MuellerWitchHunt #Spygate #FusionGPSâ€¦ https://t.co/p6auSi8XCU",FALSE,0,NA,2018-05-30 05:42:29,TRUE,NA,"1001700350913589248",NA,"<a href=""http://twitter.com"" rel=""nofollow"">Twitter Web Client</a>","Croatansound",0,FALSE,FALSE,NA,NA
"234","#TaxCutsAndJobsAct a @GOP #EconomicGrowth &amp; #Jobs Success: #Tennessee #TNgov #TNsen #Nashville #WI #WIsen #MOâ€¦ https://t.co/Llfpl71DH3",FALSE,0,NA,2018-05-28 20:27:49,TRUE,NA,"1001198379744014337",NA,"<a href=""http://twitter.com"" rel=""nofollow"">Twitter Web Client</a>","Croatansound",0,FALSE,FALSE,NA,NA
